日期,开盘,收盘,最高,最低,成交量,成交额,振幅,涨跌幅,涨跌额,换手率
2010-01-04,7.75,7.38,7.75,7.3,186180,145326960.0,5.81,-4.77,-0.37,11.63
2010-01-05,7.38,7.25,7.43,7.08,87524,66168820.0,4.74,-1.76,-0.13,5.47
2010-01-06,7.24,7.09,7.32,7.09,59340,44853364.0,3.17,-2.21,-0.16,3.71
2010-01-07,7.13,7.18,7.28,7.01,61946,46390016.0,3.81,1.27,0.09,3.87
2010-01-08,7.02,7.18,7.31,6.98,37533,28144838.0,4.6,0.0,0.0,2.34
2010-01-11,7.15,6.93,7.31,6.93,45705,33579272.0,5.29,-3.48,-0.25,2.85
2010-01-12,7.0,7.05,7.08,6.8,39376,28779354.0,4.04,1.73,0.12,2.46
2010-01-13,6.92,6.82,6.98,6.75,31593,22809308.0,3.26,-3.26,-0.23,1.97
2010-01-14,6.83,7.05,7.07,6.76,33160,24186236.0,4.55,3.37,0.23,2.07
2010-01-15,7.06,7.12,7.25,6.95,47497,35374448.0,4.26,0.99,0.07,2.97
2010-01-18,7.08,7.04,7.1,6.89,56654,41618960.0,2.95,-1.12,-0.08,3.54
2010-01-19,7.02,6.97,7.04,6.87,56245,40998772.0,2.41,-0.99,-0.07,3.51
2010-01-20,6.95,6.97,7.17,6.9,73034,54002436.0,3.87,0.0,0.0,4.56
2010-01-21,6.95,6.83,7.03,6.73,39114,28124234.0,4.3,-2.01,-0.14,2.44
2010-01-22,6.77,6.51,6.79,6.35,42003,29041972.0,6.44,-4.69,-0.32,2.62
2010-01-25,6.5,6.45,6.6,6.4,15764,10833102.0,3.07,-0.92,-0.06,0.98
2010-01-26,6.45,6.37,6.57,6.33,16467,11131071.0,3.72,-1.24,-0.08,1.03
2010-01-27,6.37,6.23,6.4,6.16,14187,9427724.0,3.77,-2.2,-0.14,0.89
2010-01-28,6.26,6.29,6.33,6.22,11291,7479120.0,1.77,0.96,0.06,0.71
2010-01-29,6.24,6.35,6.44,6.24,14337,9626435.0,3.18,0.95,0.06,0.9
2010-02-01,6.4,6.45,6.47,6.29,17891,12012672.0,2.83,1.57,0.1,1.12
2010-02-02,6.45,6.42,6.56,6.38,19181,13099948.0,2.79,-0.47,-0.03,1.2
2010-02-03,6.42,6.53,6.54,6.28,17028,11519226.0,4.05,1.71,0.11,1.06
2010-02-04,6.52,6.67,6.7,6.44,22079,15425001.0,3.98,2.14,0.14,1.38
2010-02-05,6.57,6.86,6.95,6.56,34915,24968938.0,5.85,2.85,0.19,2.18
2010-02-08,6.86,7.03,7.06,6.73,26471,19259590.0,4.81,2.48,0.17,1.65
2010-02-09,6.99,7.0,7.08,6.92,26054,19149448.0,2.28,-0.43,-0.03,1.63
2010-02-10,7.0,6.93,7.04,6.86,16659,12156207.0,2.57,-1.0,-0.07,1.04
2010-02-11,6.93,6.79,6.98,6.76,14820,10652876.0,3.17,-2.02,-0.14,0.93
2010-02-12,6.79,7.5,7.5,6.79,160594,125426816.0,10.46,10.46,0.71,10.03
2010-02-22,7.44,7.36,7.5,7.21,87130,66897704.0,3.87,-1.87,-0.14,5.44
2010-02-23,7.1,7.34,7.42,7.1,64813,49565344.0,4.35,-0.27,-0.02,4.05
2010-02-24,7.26,7.57,7.74,7.22,71552,56817712.0,7.08,3.13,0.23,4.47
2010-02-25,7.57,7.63,8.02,7.47,85248,68611560.0,7.27,0.79,0.06,5.32
2010-02-26,7.62,7.53,7.87,7.51,62483,50064540.0,4.72,-1.31,-0.1,3.9
2010-03-01,7.58,7.55,7.72,7.49,75296,59684148.0,3.05,0.27,0.02,4.7
2010-03-02,7.6,7.43,7.66,7.33,56743,44203720.0,4.37,-1.59,-0.12,3.54
2010-03-03,7.46,7.75,7.81,7.39,84515,67425848.0,5.65,4.31,0.32,5.28
2010-03-04,7.67,7.45,7.82,7.37,59730,47282196.0,5.81,-3.87,-0.3,3.73
2010-03-05,7.53,7.64,7.65,7.28,62910,49105928.0,4.97,2.55,0.19,3.93
2010-03-08,7.55,7.74,7.81,7.5,45093,36323720.0,4.06,1.31,0.1,2.82
2010-03-09,7.75,7.66,7.75,7.6,24849,19918284.0,1.94,-1.03,-0.08,1.55
2010-03-10,7.67,7.93,8.14,7.63,93700,77596616.0,6.66,3.52,0.27,5.85
2010-03-11,7.93,8.04,8.05,7.8,51094,42247608.0,3.15,1.39,0.11,3.19
2010-03-12,7.99,8.03,8.31,7.93,77793,66040064.0,4.73,-0.12,-0.01,4.86
2010-03-15,8.04,7.6,8.1,7.54,65156,52474588.0,6.97,-5.35,-0.43,4.07
2010-03-16,7.61,7.66,7.73,7.5,29447,23523888.0,3.03,0.79,0.06,1.84
2010-03-17,7.69,7.83,7.85,7.65,35369,28746382.0,2.61,2.22,0.17,2.21
2010-03-18,7.78,7.78,7.91,7.73,28579,23283244.0,2.3,-0.64,-0.05,1.78
2010-03-19,7.77,8.08,8.24,7.75,54580,45933220.0,6.3,3.86,0.3,3.41
2010-03-22,8.05,8.13,8.24,7.97,41895,35384892.0,3.34,0.62,0.05,2.62
2010-03-23,8.15,8.17,8.28,8.11,45639,38958716.0,2.09,0.49,0.04,2.85
2010-03-24,8.23,8.3,8.6,8.21,84080,73520336.0,4.77,1.59,0.13,5.25
2010-03-25,8.23,8.49,8.73,8.05,79455,69991688.0,8.19,2.29,0.19,4.96
2010-03-26,8.45,8.48,8.61,8.31,33381,29398980.0,3.53,-0.12,-0.01,2.08
2010-03-29,8.48,8.94,9.12,8.3,79344,71651128.0,9.67,5.42,0.46,4.96
2010-03-30,8.93,9.04,9.14,8.8,50213,46906512.0,3.8,1.12,0.1,3.14
2010-03-31,8.92,8.9,9.11,8.85,34017,31596984.0,2.88,-1.55,-0.14,2.12
2010-04-01,8.99,8.83,9.1,8.79,70832,65368084.0,3.48,-0.79,-0.07,4.42
2010-04-02,8.82,8.86,8.98,8.7,54249,49827724.0,3.17,0.34,0.03,3.39
2010-04-06,8.93,8.83,8.93,8.73,30587,28010930.0,2.26,-0.34,-0.03,1.91
2010-04-07,8.82,8.93,9.0,8.76,35724,33121638.0,2.72,1.13,0.1,2.23
2010-04-08,8.97,9.31,9.4,8.85,68377,65429488.0,6.16,4.26,0.38,4.27
2010-04-09,9.32,9.7,9.85,9.23,69092,68583328.0,6.66,4.19,0.39,4.32
2010-04-12,9.7,10.47,10.68,9.66,96329,102076008.0,10.52,7.94,0.77,6.02
2010-04-13,10.37,10.44,10.78,9.96,79675,85058448.0,7.83,-0.29,-0.03,4.98
2010-04-14,10.35,10.45,10.5,10.15,48005,51218028.0,3.35,0.1,0.01,3.0
2010-04-15,10.4,10.9,11.13,10.32,98884,110747264.0,7.75,4.31,0.45,6.18
2010-04-16,10.75,10.45,10.91,10.16,77435,84462416.0,6.88,-4.13,-0.45,4.84
2010-04-19,9.7,9.37,9.93,9.37,91731,90487496.0,5.36,-10.33,-1.08,5.73
2010-04-20,8.85,8.58,8.95,8.4,157872,140740000.0,5.87,-8.43,-0.79,9.86
2010-04-21,8.48,9.0,9.12,8.4,109597,99826176.0,8.39,4.9,0.42,6.84
2010-04-22,8.8,8.88,9.1,8.75,83843,77113560.0,3.89,-1.33,-0.12,5.24
2010-04-26,8.81,8.31,8.81,8.14,85429,75148216.0,7.55,-6.42,-0.57,5.34
2010-04-27,8.31,8.55,8.6,8.03,55706,48605048.0,6.86,2.89,0.24,3.48
2010-04-28,8.48,8.76,8.95,8.36,51332,46620048.0,6.9,2.46,0.21,3.21
2010-04-29,8.76,8.4,8.89,8.21,41196,36975068.0,7.76,-4.11,-0.36,2.57
2010-04-30,8.37,7.9,8.45,7.8,49265,40876956.0,7.74,-5.95,-0.5,3.08
2010-05-04,7.66,7.99,8.01,7.65,21400,17582144.0,4.56,1.14,0.09,1.34
2010-05-05,7.9,8.25,8.25,7.76,28927,24396616.0,6.13,3.25,0.26,1.81
2010-05-06,8.23,8.34,8.71,8.15,53977,47631764.0,6.79,1.09,0.09,3.37
2010-05-07,8.17,8.42,8.63,8.17,49427,43361440.0,5.52,0.96,0.08,3.09
2010-05-10,8.42,8.14,8.53,7.6,43822,36795112.0,11.05,-3.33,-0.28,2.74
2010-05-11,8.18,7.85,8.34,7.84,25508,21526770.0,6.14,-3.56,-0.29,1.59
2010-05-12,7.77,7.95,8.02,7.66,23569,19401144.0,4.59,1.27,0.1,1.47
2010-05-13,7.96,8.18,8.2,7.71,30259,25295226.0,6.16,2.89,0.23,1.89
2010-05-14,8.11,8.12,8.29,8.05,18256,15515648.0,2.93,-0.73,-0.06,1.14
2010-05-17,8.09,7.44,8.11,7.44,27189,22162046.0,8.25,-8.37,-0.68,1.7
2010-05-18,7.36,7.0,7.55,6.67,41711,30764178.0,11.83,-5.91,-0.44,2.61
2010-05-19,6.92,6.88,7.1,6.8,21241,15490717.0,4.29,-1.71,-0.12,1.33
2010-05-20,6.81,6.67,6.99,6.67,13967,10033023.0,4.65,-3.05,-0.21,0.87
2010-05-21,6.55,6.79,6.8,6.45,26125,18167776.0,5.25,1.8,0.12,1.63
2010-05-24,6.82,7.1,7.14,6.82,29983,22186898.0,4.71,4.57,0.31,1.87
2010-05-25,7.04,7.0,7.1,6.85,21531,15776187.0,3.52,-1.41,-0.1,1.34
2010-05-26,6.89,7.2,7.28,6.89,29162,21936922.0,5.57,2.86,0.2,1.82
2010-05-27,7.15,7.38,7.45,7.01,26174,19980330.0,6.11,2.5,0.18,1.63
2010-05-28,7.39,7.66,7.79,7.39,36496,29129406.0,5.42,3.79,0.28,2.28
2010-05-31,7.73,7.51,7.75,7.49,30899,24777118.0,3.39,-1.96,-0.15,1.93
2010-06-01,7.35,7.39,7.63,7.15,26611,20601628.0,6.39,-1.6,-0.12,1.66
2010-06-02,7.39,7.51,7.51,7.16,17228,13303130.0,4.74,1.62,0.12,1.08
2010-06-03,7.45,7.45,7.73,7.45,17670,14019994.0,3.73,-0.8,-0.06,1.1
2010-06-04,7.45,7.55,7.59,7.37,14849,11679024.0,2.95,1.34,0.1,0.93
2010-06-07,7.36,7.25,7.48,7.15,22605,17251354.0,4.37,-3.97,-0.3,1.41
2010-06-08,7.13,7.23,7.28,7.12,16956,12776723.0,2.21,-0.28,-0.02,1.06
2010-06-09,7.3,7.48,7.55,7.2,20767,16043782.0,4.84,3.46,0.25,1.3
2010-06-10,7.47,7.48,7.63,7.37,14094,11051980.0,3.48,0.0,0.0,0.88
2010-06-11,7.48,7.5,7.59,7.43,9484,7448599.5,2.14,0.27,0.02,0.59
2010-06-17,7.55,8.29,8.29,7.55,106006,90539584.0,9.87,10.53,0.79,6.62
2010-06-18,8.27,8.07,8.4,7.86,66806,56457356.0,6.51,-2.65,-0.22,4.17
2010-06-21,8.0,8.2,8.26,7.73,53525,45229312.0,6.57,1.61,0.13,3.34
2010-06-22,8.1,8.65,8.78,8.07,68781,60587420.0,8.66,5.49,0.45,4.3
2010-06-23,8.56,8.59,8.74,8.41,42974,38239176.0,3.82,-0.69,-0.06,2.68
2010-06-24,8.54,8.64,8.88,8.43,37264,33677236.0,5.24,0.58,0.05,2.33
2010-06-25,8.56,8.44,8.59,8.27,22425,19662478.0,3.7,-2.31,-0.2,1.4
2010-06-28,8.43,8.01,8.52,7.94,28285,24224300.0,6.87,-5.09,-0.43,1.77
2010-06-29,8.13,7.55,8.13,7.55,30842,25020368.0,7.24,-5.74,-0.46,1.93
2010-06-30,7.53,7.35,7.53,7.14,23028,17568954.0,5.17,-2.65,-0.2,1.44
2010-07-01,7.5,7.39,7.67,7.26,17926,14059961.0,5.58,0.54,0.04,1.12
2010-07-02,7.31,7.92,8.0,7.31,37288,30434128.0,9.34,7.17,0.53,2.33
2010-07-05,7.95,8.23,8.53,7.83,48846,42098372.0,8.84,3.91,0.31,3.05
2010-07-06,8.25,8.38,8.44,8.0,39521,34166928.0,5.35,1.82,0.15,2.47
2010-07-07,8.37,8.5,8.58,8.23,35292,30945440.0,4.18,1.43,0.12,2.2
2010-07-08,8.5,8.37,8.55,8.3,25903,22712280.0,2.94,-1.53,-0.13,1.62
2010-07-09,8.37,8.38,8.53,8.17,27683,24125036.0,4.3,0.12,0.01,1.73
2010-07-12,8.4,8.43,8.68,8.39,45354,40326328.0,3.46,0.6,0.05,2.83
2010-07-13,8.39,8.15,8.39,8.15,29146,25088634.0,2.85,-3.32,-0.28,1.82
2010-07-14,8.23,8.68,8.92,8.2,93231,84143888.0,8.83,6.5,0.53,5.82
2010-07-15,8.68,8.45,8.71,8.44,48098,42791800.0,3.11,-2.65,-0.23,3.0
2010-07-16,8.52,8.39,8.52,8.16,37345,32272302.0,4.26,-0.71,-0.06,2.33
2010-07-19,8.38,8.59,8.61,8.22,30531,26913244.0,4.65,2.38,0.2,1.91
2010-07-20,8.62,8.8,8.85,8.55,65982,59846672.0,3.49,2.44,0.21,4.12
2010-07-21,8.8,9.03,9.13,8.72,68525,63915140.0,4.66,2.61,0.23,4.28
2010-07-22,8.95,8.99,9.25,8.8,45790,42513540.0,4.98,-0.44,-0.04,2.86
2010-07-23,8.97,8.9,9.05,8.76,36085,33198984.0,3.23,-1.0,-0.09,2.25
2010-07-26,8.86,9.31,9.34,8.83,61957,58927024.0,5.73,4.61,0.41,3.87
2010-07-27,9.31,9.52,9.63,9.17,63493,62319044.0,4.94,2.26,0.21,3.97
2010-07-28,9.45,9.77,9.84,9.33,52801,53016984.0,5.36,2.63,0.25,3.3
2010-07-29,9.75,9.77,9.89,9.46,66270,66435372.0,4.4,0.0,0.0,4.14
2010-07-30,9.68,9.5,9.83,9.48,51096,50770412.0,3.58,-2.76,-0.27,3.19
2010-08-02,9.5,9.66,9.76,9.35,42932,42708160.0,4.32,1.68,0.16,2.68
2010-08-03,9.64,9.72,9.89,9.56,46771,47298988.0,3.42,0.62,0.06,2.92
2010-08-04,9.66,10.03,10.17,9.55,66698,68768616.0,6.38,3.19,0.31,4.17
2010-08-05,10.1,9.87,10.14,9.81,41907,43177072.0,3.29,-1.6,-0.16,2.62
2010-08-06,9.85,10.0,10.07,9.66,42010,42932124.0,4.15,1.32,0.13,2.62
2010-08-09,10.05,9.92,10.1,9.8,33229,34078496.0,3.0,-0.8,-0.08,2.08
2010-08-10,9.95,9.4,9.95,9.38,52896,52810892.0,5.75,-5.24,-0.52,3.3
2010-08-11,9.35,9.17,9.45,9.03,57071,54443312.0,4.47,-2.45,-0.23,3.56
2010-08-12,9.13,9.14,9.42,9.01,45912,43954212.0,4.47,-0.33,-0.03,2.87
2010-08-13,9.05,9.34,9.36,9.05,22268,21371462.0,3.39,2.19,0.2,1.39
2010-08-16,9.4,9.55,9.56,9.26,30933,30262282.0,3.21,2.25,0.21,1.93
2010-08-17,9.54,9.64,9.7,9.53,42366,42216396.0,1.78,0.94,0.09,2.65
2010-08-18,9.63,9.38,9.7,9.34,45115,44178836.0,3.73,-2.7,-0.26,2.82
2010-08-19,9.38,9.25,9.57,9.23,38314,37242244.0,3.62,-1.39,-0.13,2.39
2010-08-20,9.23,8.91,9.23,8.83,41621,38786616.0,4.32,-3.68,-0.34,2.6
2010-08-23,8.83,8.92,9.0,8.82,24500,22636088.0,2.02,0.11,0.01,1.53
2010-08-24,8.95,9.09,9.2,8.87,23901,22517914.0,3.7,1.91,0.17,1.49
2010-08-25,9.03,8.77,9.1,8.76,20740,19141602.0,3.74,-3.52,-0.32,1.3
2010-08-26,8.78,9.23,9.29,8.78,29367,27590880.0,5.82,5.25,0.46,1.83
2010-08-27,9.23,9.23,9.33,9.07,22344,21315822.0,2.82,0.0,0.0,1.4
2010-08-30,9.73,10.19,10.19,9.73,54654,57338080.0,4.98,10.4,0.96,3.41
2010-08-31,10.35,10.58,10.83,10.03,150382,161022832.0,7.85,3.83,0.39,9.39
2010-09-01,10.39,9.96,10.45,9.85,88637,92879248.0,5.67,-5.86,-0.62,5.54
2010-09-02,9.9,10.02,10.15,9.9,52228,54103508.0,2.51,0.6,0.06,3.26
2010-09-03,10.02,9.85,10.1,9.65,46188,47063312.0,4.49,-1.7,-0.17,2.88
2010-09-06,9.85,9.96,10.04,9.8,39097,40133892.0,2.44,1.12,0.11,2.44
2010-09-07,9.95,9.8,9.96,9.69,28824,29254088.0,2.71,-1.61,-0.16,1.8
2010-09-08,9.8,10.07,10.28,9.8,58977,61650680.0,4.9,2.76,0.27,3.68
2010-09-09,10.1,9.72,10.22,9.7,42858,43912500.0,5.16,-3.48,-0.35,2.68
2010-09-10,9.72,9.49,9.83,9.35,41692,41443684.0,4.94,-2.37,-0.23,2.6
2010-09-13,9.41,9.7,9.85,9.41,32576,32757492.0,4.64,2.21,0.21,2.03
2010-09-14,9.79,9.69,9.79,9.6,27946,28022942.0,1.96,-0.1,-0.01,1.75
2010-09-15,9.69,9.4,9.72,9.39,24749,24481392.0,3.41,-2.99,-0.29,1.55
2010-09-16,9.48,9.25,9.49,9.07,31445,30152620.0,4.47,-1.6,-0.15,1.96
2010-09-17,9.26,9.15,9.36,9.11,17810,17102058.0,2.7,-1.08,-0.1,1.11
2010-09-20,9.15,8.91,9.24,8.85,24070,22508238.0,4.26,-2.62,-0.24,1.5
2010-09-21,8.87,9.04,9.09,8.85,12258,11422572.0,2.69,1.46,0.13,0.77
2010-09-27,9.04,9.45,9.5,9.04,22410,21730392.0,5.09,4.54,0.41,1.4
2010-09-28,9.45,9.25,9.52,9.25,14149,13707715.0,2.86,-2.12,-0.2,0.88
2010-09-29,9.2,9.55,9.82,9.2,43500,43371092.0,6.7,3.24,0.3,2.72
2010-09-30,9.41,9.61,9.64,9.35,27015,26548872.0,3.04,0.63,0.06,1.69
2010-10-08,9.65,9.66,9.8,9.5,36570,36661988.0,3.12,0.52,0.05,2.28
2010-10-11,9.67,9.52,9.75,9.43,37507,37190068.0,3.31,-1.45,-0.14,2.34
2010-10-12,9.55,9.44,9.6,9.35,27611,27045912.0,2.63,-0.84,-0.08,1.72
2010-10-13,9.46,9.29,9.55,9.1,33483,32194128.0,4.77,-1.59,-0.15,2.09
2010-10-14,9.37,8.9,9.37,8.89,45607,42712192.0,5.17,-4.2,-0.39,2.85
2010-10-15,8.77,8.65,9.1,8.58,42951,39335492.0,5.84,-2.81,-0.25,2.68
2010-10-18,8.66,8.29,8.73,8.16,44805,38769180.0,6.59,-4.16,-0.36,2.8
2010-10-19,8.31,8.85,8.85,8.31,30999,27820112.0,6.51,6.76,0.56,1.94
2010-10-20,8.72,8.77,8.8,8.5,35040,31562468.0,3.39,-0.9,-0.08,2.19
2010-10-21,8.86,8.54,8.86,8.49,29865,26729050.0,4.22,-2.62,-0.23,1.87
2010-10-22,8.71,8.75,8.85,8.58,35303,31983428.0,3.16,2.46,0.21,2.2
2010-10-25,8.73,8.77,8.8,8.56,49373,44620668.0,2.74,0.23,0.02,3.08
2010-10-26,8.78,8.76,8.87,8.7,41514,37866220.0,1.94,-0.11,-0.01,2.59
2010-10-27,8.78,8.91,9.03,8.75,51223,47288192.0,3.2,1.71,0.15,3.2
2010-10-28,8.94,8.82,8.94,8.65,41753,38213216.0,3.25,-1.01,-0.09,2.61
2010-10-29,8.88,9.23,9.29,8.77,82797,77717424.0,5.9,4.65,0.41,5.17
2010-11-01,9.16,10.1,10.13,9.11,149872,148123248.0,11.05,9.43,0.87,9.36
2010-11-02,10.03,9.71,10.45,9.64,163835,166912928.0,8.02,-3.86,-0.39,10.23
2010-11-03,9.69,9.27,9.69,9.25,58358,56922328.0,4.53,-4.53,-0.44,3.64
2010-11-04,9.23,9.4,9.46,9.2,32903,31946160.0,2.8,1.4,0.13,2.06
2010-11-05,9.4,9.37,9.47,9.21,48687,46955728.0,2.77,-0.32,-0.03,3.04
2010-11-08,9.4,9.54,9.61,9.24,64096,62368296.0,3.95,1.81,0.17,4.0
2010-11-09,9.54,9.56,9.57,9.35,44490,43571704.0,2.31,0.21,0.02,2.78
2010-11-10,9.5,9.75,9.94,9.5,69972,70702008.0,4.6,1.99,0.19,4.37
2010-11-11,9.74,9.46,9.84,9.46,57099,57120896.0,3.9,-2.97,-0.29,3.57
2010-11-12,9.27,8.57,9.45,8.56,61514,57672600.0,9.41,-9.41,-0.89,3.84
2010-11-15,8.65,8.85,8.91,8.37,39719,35570044.0,6.3,3.27,0.28,2.48
2010-11-16,8.67,8.62,8.99,8.52,29082,26382834.0,5.31,-2.6,-0.23,1.82
2010-11-17,8.62,8.44,8.7,8.41,14698,13094387.0,3.36,-2.09,-0.18,0.92
2010-11-18,8.48,8.61,8.68,8.48,13955,12472972.0,2.37,2.01,0.17,0.87
2010-11-19,8.65,8.75,8.79,8.56,17648,15941331.0,2.67,1.63,0.14,1.1
2010-11-22,8.7,9.52,9.66,8.7,88415,85506896.0,10.97,8.8,0.77,5.52
2010-11-23,9.35,9.67,9.77,9.3,82161,81837112.0,4.94,1.58,0.15,5.13
2010-11-24,9.56,10.2,10.3,9.35,125484,131069456.0,9.82,5.48,0.53,7.84
2010-11-25,10.11,10.15,10.3,9.95,62153,64930580.0,3.43,-0.49,-0.05,3.88
2010-11-26,10.12,10.23,10.25,10.02,55668,58466364.0,2.27,0.79,0.08,3.48
2010-11-29,10.18,9.95,10.43,9.93,54981,57604084.0,4.89,-2.74,-0.28,3.43
2010-11-30,9.94,9.88,10.33,9.52,58215,59610936.0,8.14,-0.7,-0.07,3.64
2010-12-01,9.9,9.98,10.1,9.67,28622,29418870.0,4.35,1.01,0.1,1.79
2010-12-02,10.06,9.92,10.4,9.87,48007,50502480.0,5.31,-0.6,-0.06,3.0
2010-12-03,9.8,9.96,9.98,9.51,44986,45253804.0,4.74,0.4,0.04,2.81
2010-12-06,9.86,10.37,10.43,9.8,83738,88745496.0,6.33,4.12,0.41,5.23
2010-12-07,10.35,10.11,10.44,9.87,69602,72837672.0,5.5,-2.51,-0.26,4.35
2010-12-08,10.11,10.1,10.22,9.78,51483,53535708.0,4.35,-0.1,-0.01,3.22
2010-12-09,10.07,9.66,10.1,9.66,32677,33085384.0,4.36,-4.36,-0.44,2.04
2010-12-10,9.63,9.7,9.81,9.55,27704,27747280.0,2.69,0.41,0.04,1.73
2010-12-13,9.7,9.88,9.98,9.7,31106,31676664.0,2.89,1.86,0.18,1.94
2010-12-14,9.88,9.85,10.03,9.83,32359,33192464.0,2.02,-0.3,-0.03,2.02
2010-12-15,9.85,10.87,10.87,9.8,132496,144894448.0,10.86,10.36,1.02,8.28
2010-12-16,10.63,10.54,10.83,10.41,81374,89146608.0,3.86,-3.04,-0.33,5.08
2010-12-17,10.47,10.71,10.97,10.4,67457,74956288.0,5.41,1.61,0.17,4.21
2010-12-20,10.78,10.36,11.0,10.1,59917,64997320.0,8.4,-3.27,-0.35,3.74
2010-12-21,10.43,10.86,10.9,10.27,68264,75458696.0,6.08,4.83,0.5,4.26
2010-12-22,10.76,11.04,11.55,10.76,91410,105189080.0,7.27,1.66,0.18,5.71
2010-12-23,11.01,10.88,11.39,10.76,56247,64194104.0,5.71,-1.45,-0.16,3.51
2010-12-24,10.74,10.5,10.74,10.18,38361,41607460.0,5.15,-3.49,-0.38,2.4
2010-12-27,10.44,10.03,10.85,9.86,39078,42032736.0,9.43,-4.48,-0.47,2.44
2010-12-28,9.96,10.08,10.24,9.88,27897,29075906.0,3.59,0.5,0.05,1.74
2010-12-29,10.08,10.24,10.3,9.98,25845,27122086.0,3.17,1.59,0.16,1.61
2010-12-30,10.21,10.37,10.49,10.05,32815,34999144.0,4.3,1.27,0.13,2.05
2010-12-31,10.54,10.4,10.54,10.25,25548,27368240.0,2.8,0.29,0.03,1.6
2011-01-04,10.46,10.78,11.05,10.25,51105,56638332.0,7.69,3.65,0.38,3.19
2011-01-05,10.69,10.8,10.94,10.61,36352,40441408.0,3.06,0.19,0.02,2.27
2011-01-06,10.84,10.87,11.2,10.74,41076,46645724.0,4.26,0.65,0.07,2.57
2011-01-07,10.8,10.55,11.0,10.49,39035,43061300.0,4.69,-2.94,-0.32,2.44
2011-01-10,10.6,10.56,10.82,10.41,27383,30089056.0,3.89,0.09,0.01,1.71
2011-01-11,10.49,10.35,10.64,10.15,30069,32239382.0,4.64,-1.99,-0.21,1.88
2011-01-12,10.43,10.37,10.43,10.1,15096,16026623.0,3.19,0.19,0.02,0.94
2011-01-13,10.45,10.4,10.7,10.31,19903,21715064.0,3.76,0.29,0.03,1.24
2011-01-14,10.47,10.15,10.47,10.14,18215,19245300.0,3.17,-2.4,-0.25,1.14
2011-01-17,10.14,9.78,10.35,9.7,28730,29749784.0,6.4,-3.65,-0.37,1.79
2011-01-18,9.78,10.04,10.16,9.78,18292,18948628.0,3.89,2.66,0.26,1.14
2011-01-19,10.12,10.23,10.29,9.96,13072,13749940.0,3.29,1.89,0.19,0.82
2011-01-20,10.15,10.03,10.36,9.97,14076,14796057.0,3.81,-1.96,-0.2,0.88
2011-01-21,10.03,10.38,10.39,9.98,23475,24869646.0,4.09,3.49,0.35,1.47
2011-01-24,10.4,10.34,10.5,10.18,22823,24501032.0,3.08,-0.39,-0.04,1.43
2011-01-25,10.18,9.4,10.18,9.27,53748,52657300.0,8.8,-9.09,-0.94,3.36
2011-01-26,9.25,9.25,9.45,8.99,21847,20898782.0,4.89,-1.6,-0.15,1.36
2011-01-27,9.2,9.61,9.67,9.0,23647,23240294.0,7.24,3.89,0.36,1.48
2011-01-28,9.64,9.9,10.01,9.55,19115,19482572.0,4.79,3.02,0.29,1.19
2011-01-31,9.9,9.81,10.19,9.8,19528,20225848.0,3.94,-0.91,-0.09,1.22
2011-02-01,9.85,10.06,10.06,9.83,9326,9603002.0,2.34,2.55,0.25,0.58
2011-02-09,10.03,9.95,10.15,9.85,18802,19358414.0,2.98,-1.09,-0.11,1.17
2011-02-10,9.86,10.25,10.32,9.86,15177,15848491.0,4.62,3.02,0.3,0.95
2011-02-11,10.25,10.31,10.5,10.14,17113,18310754.0,3.51,0.59,0.06,1.07
2011-02-14,10.44,10.42,10.45,10.25,29637,31695470.0,1.94,1.07,0.11,1.85
2011-02-15,10.38,10.31,10.67,10.27,40660,44008452.0,3.84,-1.06,-0.11,2.54
2011-02-16,10.35,10.51,10.55,10.21,26231,28303416.0,3.3,1.94,0.2,1.64
2011-02-17,10.55,10.65,10.82,10.49,45201,49635324.0,3.14,1.33,0.14,2.82
2011-02-18,10.67,10.41,10.67,10.33,29939,32240166.0,3.19,-2.25,-0.24,1.87
2011-02-21,10.32,10.55,10.62,10.29,29624,32031658.0,3.17,1.34,0.14,1.85
2011-02-22,10.5,10.39,10.76,10.39,50846,55666464.0,3.51,-1.52,-0.16,3.18
2011-02-23,10.32,10.65,10.75,10.27,50822,55327104.0,4.62,2.5,0.26,3.17
2011-02-24,10.61,10.85,10.91,10.55,75062,83430616.0,3.38,1.88,0.2,4.69
2011-02-25,10.83,10.93,11.12,10.65,82862,93546968.0,4.33,0.74,0.08,5.18
2011-02-28,10.94,11.28,11.35,10.87,110394,126760952.0,4.39,3.2,0.35,6.89
2011-03-01,11.28,11.16,11.5,10.98,83295,96266960.0,4.61,-1.06,-0.12,5.2
2011-03-02,11.08,11.01,11.1,10.78,51262,57696688.0,2.87,-1.34,-0.15,3.2
2011-03-03,10.97,10.76,11.13,10.65,38683,43372036.0,4.36,-2.27,-0.25,2.42
2011-03-04,10.76,11.43,11.55,10.66,70625,81450296.0,8.27,6.23,0.67,4.41
2011-03-07,11.45,11.5,11.64,11.28,81157,95858568.0,3.15,0.61,0.07,5.07
2011-03-08,11.52,11.33,11.75,11.2,83727,98676856.0,4.78,-1.48,-0.17,5.23
2011-03-09,11.33,11.93,11.97,11.16,105186,125163080.0,7.15,5.3,0.6,6.57
2011-03-10,11.82,12.02,12.2,11.61,92328,112741848.0,4.95,0.75,0.09,5.77
2011-03-11,11.86,12.34,12.77,11.8,124292,157919888.0,8.07,2.66,0.32,7.76
2011-03-14,12.34,12.34,12.79,12.14,96100,122724272.0,5.27,0.0,0.0,6.0
2011-03-15,12.24,12.0,12.56,11.76,66585,82967904.0,6.48,-2.76,-0.34,4.16
2011-03-16,11.93,13.17,13.24,11.93,194047,257548816.0,10.92,9.75,1.17,12.12
2011-03-17,12.85,12.45,13.26,12.43,104760,138317584.0,6.3,-5.47,-0.72,6.54
2011-03-18,12.64,12.45,12.84,12.25,68047,87506312.0,4.74,0.0,0.0,4.25
2011-03-21,12.5,12.48,12.64,12.26,49693,63498084.0,3.05,0.24,0.03,3.1
2011-03-22,12.52,12.14,12.6,11.93,71653,89746928.0,5.37,-2.72,-0.34,4.48
2011-03-23,12.05,12.15,12.22,11.95,65653,81552368.0,2.22,0.08,0.01,4.1
2011-03-24,12.11,12.11,12.39,11.91,59056,73641792.0,3.95,-0.33,-0.04,3.69
2011-03-25,12.2,12.04,12.25,12.0,50333,62567220.0,2.06,-0.58,-0.07,3.14
2011-03-28,12.07,12.63,12.85,11.97,101824,129832984.0,7.31,4.9,0.59,6.36
2011-03-29,12.54,12.07,13.1,11.95,91498,118606560.0,9.11,-4.43,-0.56,5.71
2011-03-30,12.1,12.85,13.15,12.1,117241,154219616.0,8.7,6.46,0.78,7.32
2011-03-31,12.8,13.19,13.73,12.53,164775,224796320.0,9.34,2.65,0.34,10.29
2011-04-01,12.75,12.97,13.27,12.66,72849,96985336.0,4.62,-1.67,-0.22,4.55
2011-04-06,12.88,13.82,13.97,12.78,107287,147984576.0,9.18,6.55,0.85,6.7
2011-04-07,13.8,13.55,13.89,13.41,65191,90891304.0,3.47,-1.95,-0.27,4.07
2011-04-08,13.48,13.25,13.8,13.2,80888,110936184.0,4.43,-2.21,-0.3,5.05
2011-04-11,13.17,13.47,13.54,12.85,77810,105093040.0,5.21,1.66,0.22,4.86
2011-04-12,13.26,13.27,13.8,13.15,75035,103924864.0,4.83,-1.48,-0.2,4.69
2011-04-13,13.23,13.05,13.25,12.86,40920,54821144.0,2.94,-1.66,-0.22,2.56
2011-04-14,13.05,13.15,13.43,12.92,41620,56437236.0,3.91,0.77,0.1,2.6
2011-04-15,13.0,12.08,13.2,12.06,117046,150019536.0,8.67,-8.14,-1.07,7.31
2011-04-18,12.03,11.85,12.03,11.57,77134,93429960.0,3.81,-1.9,-0.23,4.82
2011-04-19,11.8,11.9,12.06,11.67,46584,57242816.0,3.29,0.42,0.05,2.91
2011-04-20,11.86,12.05,12.11,11.77,29924,36818668.0,2.86,1.26,0.15,1.87
2011-04-21,12.02,12.07,12.48,12.01,35082,44088276.0,3.9,0.17,0.02,2.19
2011-04-22,12.2,12.04,12.22,11.97,24823,30869620.0,2.07,-0.25,-0.03,1.55
2011-04-25,12.07,11.62,12.07,11.57,30083,36317980.0,4.15,-3.49,-0.42,1.88
2011-04-26,11.61,11.25,11.85,11.2,31974,38113880.0,5.59,-3.18,-0.37,2.0
2011-04-27,11.25,11.35,11.58,11.22,19562,22881830.0,3.2,0.89,0.1,1.22
2011-04-28,11.45,10.77,11.45,10.67,31840,35930380.0,6.87,-5.11,-0.58,1.99
2011-04-29,10.73,10.95,11.05,10.73,18952,21375784.0,2.97,1.67,0.18,1.18
2011-05-03,10.87,11.08,11.19,10.73,12835,14550245.0,4.2,1.19,0.13,0.8
2011-05-04,11.04,10.9,11.04,10.75,11580,13003339.0,2.62,-1.62,-0.18,0.72
2011-05-05,10.92,11.09,11.17,10.79,13457,15242960.0,3.49,1.74,0.19,0.84
2011-05-06,11.01,11.08,11.2,10.95,13399,15315774.0,2.25,-0.09,-0.01,0.84
2011-05-09,11.24,11.01,11.24,10.95,15703,17943142.0,2.62,-0.63,-0.07,0.98
2011-05-10,11.12,11.54,11.71,11.1,47565,56385688.0,5.54,4.81,0.53,2.97
2011-05-11,11.47,11.86,12.09,11.4,41976,51353952.0,5.98,2.77,0.32,2.62
2011-05-12,11.87,11.42,12.01,11.41,39104,46936340.0,5.06,-3.71,-0.44,2.44
2011-05-13,11.35,11.9,11.98,11.23,40985,49198560.0,6.57,4.2,0.48,2.56
2011-05-16,11.85,11.7,12.01,11.6,29738,36018844.0,3.45,-1.68,-0.2,1.86
2011-05-17,11.68,11.58,11.85,11.45,23633,28265598.0,3.42,-1.03,-0.12,1.48
2011-05-18,11.59,11.73,11.85,11.47,15759,18968066.0,3.28,1.3,0.15,0.98
2011-05-19,11.75,11.73,11.93,11.67,24667,29973102.0,2.22,0.0,0.0,1.54
2011-05-20,11.76,11.36,11.78,11.25,25575,30309898.0,4.52,-3.15,-0.37,1.6
2011-05-23,11.31,10.6,11.32,10.56,28214,31776224.0,6.69,-6.69,-0.76,1.76
2011-05-24,10.55,10.45,10.69,10.2,26060,28002030.0,4.62,-1.42,-0.15,1.63
2011-05-25,10.55,10.0,10.58,9.99,17435,18525390.0,5.65,-4.31,-0.45,1.09
2011-05-26,10.21,10.08,10.25,10.05,14401,15112999.0,2.0,0.8,0.08,0.9
2011-05-30,9.95,9.04,9.95,9.04,27776,26639382.0,9.03,-10.32,-1.04,1.73
2011-05-31,8.95,9.33,9.35,8.95,16583,15788410.0,4.42,3.21,0.29,1.04
2011-06-01,9.34,9.68,9.73,9.24,18132,17954890.0,5.25,3.75,0.35,1.13
2011-06-02,9.51,9.73,9.91,9.46,17997,17976560.0,4.65,0.52,0.05,1.12
2011-06-03,9.74,9.85,9.9,9.66,19523,19781100.0,2.47,1.23,0.12,1.22
2011-06-07,9.75,10.25,10.28,9.75,34452,36001064.0,5.38,4.06,0.4,2.15
2011-06-08,10.23,10.43,10.55,10.08,19352,20657214.0,4.59,1.76,0.18,1.21
2011-06-09,10.27,10.19,10.59,10.18,18859,20184912.0,3.93,-2.3,-0.24,1.18
2011-06-10,10.25,10.2,10.37,9.9,18484,19256174.0,4.61,0.1,0.01,1.15
2011-06-13,10.01,10.55,10.6,9.96,27437,29160896.0,6.27,3.43,0.35,1.71
2011-06-14,10.55,10.95,11.07,10.35,38167,42363088.0,6.82,3.79,0.4,2.38
2011-06-15,10.95,10.84,11.3,10.77,26364,29879910.0,4.84,-1.0,-0.11,1.65
2011-06-16,10.74,10.85,11.0,10.64,26089,29251176.0,3.32,0.09,0.01,1.63
2011-06-17,10.93,11.2,11.4,10.71,45813,52427956.0,6.36,3.23,0.35,2.86
2011-06-20,11.07,10.75,11.41,10.61,32647,36738364.0,7.14,-4.02,-0.45,2.04
2011-06-21,10.74,10.54,10.85,10.3,28714,31177068.0,5.12,-1.95,-0.21,1.79
2011-06-22,10.55,10.95,10.95,10.47,24448,27186152.0,4.55,3.89,0.41,1.53
2011-06-23,10.95,11.13,11.37,10.76,26104,29834144.0,5.57,1.64,0.18,1.63
2011-06-24,11.11,11.15,11.3,10.98,32712,37607820.0,2.88,0.18,0.02,2.04
2011-06-27,11.15,11.19,11.35,11.01,20521,23651270.0,3.05,0.36,0.04,1.28
2011-06-28,11.2,10.91,11.29,10.83,24622,27777032.0,4.11,-2.5,-0.28,1.54
2011-06-29,10.86,10.73,11.04,10.69,16473,18482268.0,3.21,-1.65,-0.18,1.03
2011-06-30,10.77,10.96,11.0,10.72,20309,22832626.0,2.61,2.14,0.23,1.27
2011-07-01,10.99,10.91,11.21,10.85,20238,23069844.0,3.28,-0.46,-0.05,1.26
2011-07-04,11.01,11.47,11.5,10.94,48378,56538576.0,5.13,5.13,0.56,3.02
2011-07-05,11.48,11.48,11.56,11.38,29824,35299568.0,1.57,0.09,0.01,1.86
2011-07-06,11.55,11.79,12.13,11.43,70953,86619552.0,6.1,2.7,0.31,4.43
2011-07-07,11.79,11.83,11.98,11.65,54177,65958552.0,2.8,0.34,0.04,3.38
2011-07-08,11.75,11.82,11.99,11.66,27945,34036912.0,2.79,-0.08,-0.01,1.75
2011-07-11,11.85,11.95,12.11,11.8,34943,43017580.0,2.62,1.1,0.13,2.18
2011-07-12,12.06,12.85,13.18,12.04,194308,258541680.0,9.54,7.53,0.9,12.14
2011-07-14,12.9,12.95,13.77,12.65,225683,302734592.0,8.72,0.78,0.1,14.09
2011-07-15,12.69,13.35,13.64,12.69,169952,231476992.0,7.34,3.09,0.4,10.61
2011-07-18,13.23,13.35,13.56,12.95,101332,138226992.0,4.57,0.0,0.0,6.33
2011-07-19,13.25,13.53,13.75,12.97,79341,108821304.0,5.84,1.35,0.18,4.96
2011-07-20,13.39,13.19,13.55,13.06,70948,96308312.0,3.62,-2.51,-0.34,4.43
2011-07-21,13.08,13.05,13.2,12.8,74347,99131768.0,3.03,-1.06,-0.14,4.64
2011-07-22,13.04,12.9,13.08,12.72,61201,81101840.0,2.76,-1.15,-0.15,3.82
2011-07-25,12.95,12.91,13.29,12.79,74630,99620208.0,3.88,0.08,0.01,4.66
2011-07-26,12.85,12.92,13.22,12.75,42334,56419380.0,3.64,0.08,0.01,2.64
2011-07-27,12.8,14.25,14.25,12.8,140428,196813184.0,11.22,10.29,1.33,8.77
2011-07-28,14.27,14.5,14.8,14.04,117786,173560768.0,5.33,1.75,0.25,7.36
2011-07-29,14.25,14.25,14.56,13.98,66784,97369392.0,4.0,-1.72,-0.25,4.17
2011-08-01,14.25,14.45,14.47,13.97,60058,87537104.0,3.51,1.4,0.2,3.75
2011-08-02,14.38,14.6,14.62,14.01,53289,78116152.0,4.22,1.04,0.15,3.33
2011-08-03,14.35,15.0,15.9,14.27,123709,192661696.0,11.16,2.74,0.4,7.73
2011-08-04,14.85,15.21,15.25,14.72,65442,100605664.0,3.53,1.4,0.21,4.09
2011-08-05,14.73,15.05,15.33,14.43,74116,113403208.0,5.92,-1.05,-0.16,4.63
2011-08-08,14.95,14.22,15.23,13.75,103314,152271664.0,9.83,-5.51,-0.83,6.45
2011-08-09,13.65,13.93,14.15,13.05,62433,87834352.0,7.74,-2.04,-0.29,3.9
2011-08-10,14.16,14.35,15.36,14.03,159034,242907088.0,9.55,3.02,0.42,9.93
2011-08-11,13.86,14.08,14.58,13.65,110154,159060304.0,6.48,-1.88,-0.27,6.88
2011-08-12,14.16,14.81,15.15,14.16,136299,205356208.0,7.03,5.18,0.73,8.51
2011-08-15,14.62,15.88,15.95,14.6,126597,199343856.0,9.12,7.22,1.07,7.91
2011-08-16,15.65,15.61,15.9,15.44,66480,106320208.0,2.9,-1.7,-0.27,4.15
2011-08-17,15.7,16.3,16.37,15.4,98411,160828192.0,6.21,4.42,0.69,6.15
2011-08-18,16.3,16.3,16.54,15.93,73925,122800792.0,3.74,0.0,0.0,4.62
2011-08-19,16.15,15.91,16.15,15.73,55782,90725112.0,2.58,-2.39,-0.39,3.48
2011-08-22,15.95,15.73,16.23,15.55,50467,81582120.0,4.27,-1.13,-0.18,3.15
2011-08-23,15.92,16.0,16.01,15.61,40416,65380080.0,2.54,1.72,0.27,2.52
2011-08-24,16.0,16.51,16.59,15.86,63382,105061304.0,4.56,3.19,0.51,3.96
2011-08-25,16.47,16.45,17.0,16.15,68173,115255888.0,5.15,-0.36,-0.06,4.26
2011-08-26,16.49,16.41,16.75,16.24,35383,59423376.0,3.1,-0.24,-0.04,2.21
2011-08-29,16.41,15.59,16.73,15.56,67659,110082272.0,7.13,-5.0,-0.82,4.23
2011-08-30,15.6,15.7,16.01,15.19,54478,87186536.0,5.26,0.71,0.11,3.4
2011-08-31,15.7,14.94,15.8,14.94,58614,91659040.0,5.48,-4.84,-0.76,3.66
2011-09-01,14.77,14.74,15.37,14.56,59661,90943904.0,5.42,-1.34,-0.2,3.73
2011-09-02,14.67,14.94,15.07,14.35,42555,64346800.0,4.88,1.36,0.2,2.66
2011-09-05,14.85,14.95,15.11,14.65,32938,50367740.0,3.08,0.07,0.01,2.06
2011-09-06,14.89,14.55,14.89,14.16,54753,81365712.0,4.88,-2.68,-0.4,3.42
2011-09-07,14.55,14.8,15.15,14.55,30839,46836428.0,4.12,1.72,0.25,1.93
2011-09-08,14.9,15.36,15.62,14.9,66006,102957600.0,4.86,3.78,0.56,4.12
2011-09-09,15.25,14.81,15.37,14.8,28712,44264736.0,3.71,-3.58,-0.55,1.79
2011-09-13,14.85,14.56,14.85,14.22,45489,67401600.0,4.25,-1.69,-0.25,2.84
2011-09-14,14.57,14.87,14.95,14.45,22959,34581640.0,3.43,2.13,0.31,1.43
2011-09-15,15.05,14.51,15.05,14.4,33008,49869788.0,4.37,-2.42,-0.36,2.06
2011-09-16,14.37,14.55,14.75,14.33,32688,48503004.0,2.89,0.28,0.04,2.04
2011-09-19,14.35,14.62,14.8,14.3,20167,30150472.0,3.44,0.48,0.07,1.26
2011-09-20,14.62,14.63,15.0,14.47,13314,19987188.0,3.63,0.07,0.01,0.83
2011-09-21,14.65,15.28,15.43,14.56,37801,58318164.0,5.95,4.44,0.65,2.36
2011-09-22,15.28,15.25,15.6,15.13,38811,61168828.0,3.08,-0.2,-0.03,2.42
2011-09-23,14.9,15.08,15.35,14.28,24502,37320636.0,7.02,-1.11,-0.17,1.53
2011-09-26,15.08,14.78,15.23,14.65,18269,27775144.0,3.85,-1.99,-0.3,1.14
2011-09-27,14.85,14.75,15.05,14.59,14188,21502640.0,3.11,-0.2,-0.03,0.89
2011-09-28,14.75,14.83,15.45,14.66,34216,52865064.0,5.36,0.54,0.08,2.14
2011-09-29,14.75,13.31,15.03,13.31,61168,85005184.0,11.6,-10.25,-1.52,3.82
2011-09-30,13.06,13.2,13.53,12.68,33763,45221804.0,6.39,-0.83,-0.11,2.11
2011-10-10,13.25,13.55,13.87,13.25,33057,46319900.0,4.7,2.65,0.35,2.06
2011-10-11,13.76,13.7,14.3,13.6,29205,41773592.0,5.17,1.11,0.15,1.82
2011-10-12,13.7,14.04,14.15,13.61,25862,36857592.0,3.94,2.48,0.34,1.62
2011-10-13,14.11,14.23,14.25,13.85,15843,22909510.0,2.85,1.35,0.19,0.99
2011-10-14,14.23,14.05,14.23,13.95,9619,13852200.0,1.97,-1.26,-0.18,0.6
2011-10-17,14.54,14.4,14.54,13.95,30283,44238600.0,4.2,2.49,0.35,1.89
2011-10-18,14.25,14.1,14.53,14.0,20135,29470002.0,3.68,-2.08,-0.3,1.26
2011-10-19,14.1,13.41,14.38,13.2,24926,35672600.0,8.37,-4.89,-0.69,1.56
2011-10-20,13.46,13.39,14.03,13.17,36130,50322128.0,6.41,-0.15,-0.02,2.26
2011-10-21,13.46,13.25,13.62,13.2,11808,16249634.0,3.14,-1.05,-0.14,0.74
2011-10-24,13.26,13.2,13.42,12.73,20509,27457516.0,5.21,-0.38,-0.05,1.28
2011-10-25,13.25,14.36,14.55,13.2,38906,56059360.0,10.23,8.79,1.16,2.43
2011-10-26,14.35,14.28,14.47,14.12,24039,35144808.0,2.44,-0.56,-0.08,1.5
2011-10-27,14.18,14.05,14.45,14.05,12726,18474068.0,2.8,-1.61,-0.23,0.79
2011-10-28,14.45,14.31,14.53,14.05,19192,27955446.0,3.42,1.85,0.26,1.2
2011-10-31,14.18,14.74,14.79,14.18,28618,42666900.0,4.26,3.0,0.43,1.79
2011-11-01,14.55,14.75,14.98,14.42,23792,35909000.0,3.8,0.07,0.01,1.49
2011-11-02,14.5,14.81,14.81,14.32,18180,27170876.0,3.32,0.41,0.06,1.14
2011-11-03,14.85,15.08,15.43,14.73,47351,73210552.0,4.73,1.82,0.27,2.96
2011-11-04,15.08,15.37,15.5,15.05,32261,50475544.0,2.98,1.92,0.29,2.01
2011-11-07,15.47,15.0,15.6,15.0,16891,26222636.0,3.9,-2.41,-0.37,1.05
2011-11-08,15.0,14.52,15.0,14.33,29878,44597600.0,4.47,-3.2,-0.48,1.87
2011-11-09,14.6,14.8,14.88,14.15,28650,42614824.0,5.03,1.93,0.28,1.79
2011-11-10,14.58,14.75,15.06,14.51,19990,30347014.0,3.72,-0.34,-0.05,1.25
2011-11-11,14.93,15.81,16.25,14.92,92706,147696464.0,9.02,7.19,1.06,5.79
2011-11-14,15.8,16.0,16.2,15.74,54084,88077600.0,2.91,1.2,0.19,3.38
2011-11-15,15.97,16.3,16.64,15.85,44470,73972112.0,4.94,1.88,0.3,2.78
2011-11-16,15.96,15.83,16.44,15.74,29921,48839844.0,4.29,-2.88,-0.47,1.87
2011-11-17,15.8,16.06,16.3,15.75,24433,40169476.0,3.47,1.45,0.23,1.53
2011-11-18,16.07,15.66,16.33,15.28,31716,51318124.0,6.54,-2.49,-0.4,1.98
2011-11-21,15.5,15.38,15.8,15.2,19514,30771100.0,3.83,-1.79,-0.28,1.22
2011-11-22,15.14,15.5,15.6,14.82,17917,27896832.0,5.07,0.78,0.12,1.12
2011-11-23,15.54,15.0,15.64,15.0,21817,34220148.0,4.13,-3.23,-0.5,1.36
2011-11-24,14.8,15.17,15.29,14.65,20130,30956544.0,4.27,1.13,0.17,1.26
2011-11-25,15.15,15.15,15.4,15.02,10324,16084295.0,2.5,-0.13,-0.02,0.64
2011-11-28,15.02,15.2,15.4,15.02,15026,23452386.0,2.51,0.33,0.05,0.94
2011-11-29,15.42,15.29,15.42,14.85,32136,49808600.0,3.75,0.59,0.09,2.01
2011-11-30,15.25,14.05,15.3,14.0,32928,49249948.0,8.5,-8.11,-1.24,2.06
2011-12-01,15.22,13.65,15.33,13.63,118581,173515744.0,12.1,-2.85,-0.4,7.41
2011-12-02,12.7,13.2,13.87,12.7,65034,88541672.0,8.57,-3.3,-0.45,4.06
2011-12-05,13.1,12.8,13.26,12.55,39161,51706956.0,5.38,-3.03,-0.4,2.45
2011-12-06,12.73,12.94,13.05,12.6,17334,22786564.0,3.52,1.09,0.14,1.08
2011-12-07,12.94,13.07,13.15,12.87,11897,15912816.0,2.16,1.0,0.13,0.74
2011-12-08,13.07,12.86,13.17,12.83,15134,20168872.0,2.6,-1.61,-0.21,0.95
2011-12-09,12.85,12.4,13.01,12.05,43699,56189716.0,7.47,-3.58,-0.46,2.73
2011-12-12,12.17,12.25,12.48,12.0,21751,27319108.0,3.87,-1.21,-0.15,1.36
2011-12-13,12.15,12.25,12.44,12.02,19892,24974522.0,3.43,0.0,0.0,1.24
2011-12-14,12.25,13.12,13.49,12.15,48601,64793440.0,10.94,7.1,0.87,3.04
2011-12-15,13.05,13.01,13.18,12.65,22197,29505980.0,4.04,-0.84,-0.11,1.39
2011-12-16,13.09,13.46,13.5,12.95,35129,47987660.0,4.23,3.46,0.45,2.19
2011-12-19,13.46,13.16,13.46,12.68,24646,32848252.0,5.79,-2.23,-0.3,1.54
2011-12-20,12.88,12.77,13.25,12.77,15418,20505616.0,3.65,-2.96,-0.39,0.96
2011-12-21,12.8,11.46,12.95,11.46,30245,38220260.0,11.67,-10.26,-1.31,1.89
2011-12-22,11.23,10.31,11.23,10.28,53140,56687452.0,8.29,-10.03,-1.15,3.32
2011-12-23,10.1,9.8,10.33,9.52,58812,59584136.0,7.86,-4.95,-0.51,3.67
2011-12-26,9.79,9.61,9.94,9.55,22569,22852528.0,3.98,-1.94,-0.19,1.41
2011-12-27,9.61,8.61,9.61,8.61,76828,70081928.0,10.41,-10.41,-1.0,4.8
2011-12-28,8.42,8.22,8.42,7.93,61764,52324792.0,5.69,-4.53,-0.39,3.86
2011-12-29,8.15,8.2,8.55,8.05,52024,44852100.0,6.08,-0.24,-0.02,3.25
2011-12-30,8.15,8.24,8.34,8.1,32813,28094402.0,2.93,0.49,0.04,2.05
2012-01-04,8.27,7.38,8.44,7.38,54612,45018956.0,12.86,-10.44,-0.86,3.41
2012-01-05,7.09,7.25,7.31,6.83,71439,52904292.0,6.5,-1.76,-0.13,4.46
2012-01-06,7.2,7.66,7.73,6.96,49139,37667932.0,10.62,5.66,0.41,3.07
2012-01-09,7.63,7.91,8.05,7.42,52293,42583088.0,8.22,3.26,0.25,3.27
2012-01-10,7.86,8.25,8.39,7.8,73254,62070920.0,7.46,4.3,0.34,4.58
2012-01-11,8.23,8.44,8.61,8.02,59783,52013752.0,7.15,2.3,0.19,3.73
2012-01-12,8.38,8.34,8.55,8.28,36963,32427000.0,3.2,-1.18,-0.1,2.31
2012-01-13,8.31,7.78,8.39,7.7,43050,35665572.0,8.27,-6.71,-0.56,2.69
2012-01-16,7.66,7.12,7.77,7.06,27010,21053446.0,9.13,-8.48,-0.66,1.69
2012-01-17,7.13,7.87,7.87,6.96,36796,28849232.0,12.78,10.53,0.75,2.3
2012-01-18,8.0,8.1,8.69,7.95,89577,78268968.0,9.4,2.92,0.23,5.59
2012-01-19,7.95,8.05,8.29,7.9,28709,24250758.0,4.81,-0.62,-0.05,1.79
2012-01-20,8.08,7.93,8.21,7.86,31425,26274604.0,4.35,-1.49,-0.12,1.96
2012-01-30,7.9,8.0,8.3,7.86,25928,21888526.0,5.55,0.88,0.07,1.62
2012-01-31,7.9,7.9,8.14,7.78,19974,16545476.0,4.5,-1.25,-0.1,1.25
2012-02-01,7.95,8.2,8.73,7.83,163905,144406336.0,11.39,3.8,0.3,10.24
2012-02-02,8.1,8.82,9.01,8.0,138888,123637920.0,12.32,7.56,0.62,8.67
2012-02-03,8.73,8.93,9.1,8.58,91639,84926568.0,5.9,1.25,0.11,5.72
2012-02-06,9.15,9.24,9.24,8.75,77884,72572392.0,5.49,3.47,0.31,4.86
2012-02-07,9.07,9.83,10.15,9.01,117653,116811920.0,12.34,6.39,0.59,7.35
2012-02-08,9.93,10.05,10.13,9.46,106274,107099368.0,6.82,2.24,0.22,6.64
2012-02-09,9.8,9.89,10.03,9.67,90032,91634632.0,3.58,-1.59,-0.16,5.62
2012-02-10,9.8,10.04,10.23,9.67,80630,83002872.0,5.66,1.52,0.15,5.04
2012-02-13,9.8,9.96,10.13,9.71,65015,66441148.0,4.18,-0.8,-0.08,4.06
2012-02-14,9.9,9.99,10.43,9.77,85478,89627448.0,6.63,0.3,0.03,5.34
2012-02-15,9.9,10.3,10.33,9.8,83974,87938504.0,5.31,3.1,0.31,5.24
2012-02-16,10.36,10.65,10.65,10.16,97176,104708536.0,4.76,3.4,0.35,6.07
2012-02-17,10.65,10.3,10.8,10.3,77728,84555336.0,4.69,-3.29,-0.35,4.85
2012-02-20,10.39,10.35,10.75,10.21,83999,90938936.0,5.24,0.49,0.05,5.25
2012-02-21,10.31,10.34,10.66,10.06,80996,86318344.0,5.8,-0.1,-0.01,5.06
2012-02-22,10.35,10.64,10.65,10.14,97838,105275488.0,4.93,2.9,0.3,6.11
2012-02-23,10.55,10.46,10.73,10.38,73828,80434416.0,3.29,-1.69,-0.18,4.61
2012-02-24,10.5,10.75,10.85,10.35,92938,101879704.0,4.78,2.77,0.29,5.8
2012-02-27,10.75,10.5,10.83,10.5,91971,101071872.0,3.07,-2.33,-0.25,5.74
2012-02-28,10.39,9.83,10.44,9.77,121518,126077824.0,6.38,-6.38,-0.67,7.59
2012-02-29,9.79,9.92,9.98,9.55,58208,59022992.0,4.37,0.92,0.09,3.64
2012-03-01,9.83,9.84,9.97,9.77,31357,32095632.0,2.02,-0.81,-0.08,1.96
2012-03-02,9.93,10.02,10.1,9.85,44985,46580152.0,2.54,1.83,0.18,2.81
2012-03-05,10.06,10.39,10.5,10.05,81985,87724672.0,4.49,3.69,0.37,5.12
2012-03-06,10.35,10.59,10.74,10.32,96385,104776376.0,4.04,1.92,0.2,6.02
2012-03-07,10.5,10.84,11.14,10.43,110567,124422280.0,6.7,2.36,0.25,6.91
2012-03-08,10.93,10.97,11.31,10.83,87755,100062352.0,4.43,1.2,0.13,5.48
2012-03-09,11.02,10.87,11.09,10.57,93344,103790592.0,4.74,-0.91,-0.1,5.83
2012-03-12,10.68,11.13,11.13,10.6,104231,116709616.0,4.88,2.39,0.26,6.51
2012-03-13,11.09,10.95,11.23,10.89,67170,76291112.0,3.05,-1.62,-0.18,4.2
2012-03-14,10.95,10.06,11.01,9.98,112381,122568440.0,9.41,-8.13,-0.89,7.02
2012-03-15,10.0,10.01,10.31,9.86,64826,67770464.0,4.47,-0.5,-0.05,4.05
2012-03-16,10.0,10.2,10.29,9.89,53760,56346808.0,4.0,1.9,0.19,3.36
2012-03-19,10.19,10.87,10.95,10.08,80969,88021968.0,8.53,6.57,0.67,5.06
2012-03-20,10.75,11.06,11.15,10.45,87263,97826012.0,6.44,1.75,0.19,5.45
2012-03-21,11.06,11.66,11.73,10.96,159352,187641717.0,6.96,5.42,0.6,9.95
2012-03-22,11.55,11.57,11.89,11.29,81390,96790403.0,5.15,-0.77,-0.09,5.08
2012-03-23,11.44,11.44,11.8,11.29,81280,96758942.0,4.41,-1.12,-0.13,5.08
2012-03-26,11.48,12.11,12.31,11.35,96631,117347410.0,8.39,5.86,0.67,6.04
2012-03-27,12.08,11.72,12.63,11.67,114516,143726689.0,7.93,-3.22,-0.39,7.15
2012-03-28,11.35,11.04,11.53,10.51,124043,140042817.0,8.7,-5.8,-0.68,7.75
2012-03-29,10.88,11.62,11.65,10.45,97823,113155286.0,10.87,5.25,0.58,6.11
2012-03-30,11.48,11.95,12.03,11.18,96774,116373318.0,7.31,2.84,0.33,6.04
2012-04-05,11.9,12.07,12.21,11.67,78257,96679220.0,4.52,1.0,0.12,4.89
2012-04-06,11.93,11.92,12.12,11.74,58711,72108438.0,3.15,-1.24,-0.15,3.67
2012-04-09,11.92,12.12,12.43,11.8,96393,121098765.0,5.29,1.68,0.2,6.02
2012-04-10,11.99,11.96,12.1,11.33,79244,95576077.0,6.35,-1.32,-0.16,4.95
2012-04-11,11.98,11.75,12.0,11.53,46795,56521112.0,3.93,-1.76,-0.21,2.92
2012-04-12,11.59,12.16,12.3,11.59,77484,95984508.0,6.04,3.49,0.41,4.84
2012-04-13,12.03,11.97,12.23,11.87,51598,63781722.0,2.96,-1.56,-0.19,3.22
2012-04-16,11.71,11.96,12.42,11.65,70820,88578303.0,6.43,-0.08,-0.01,4.42
2012-04-17,11.85,11.51,12.02,11.49,54367,65263212.0,4.43,-3.76,-0.45,3.4
2012-04-18,11.51,11.67,11.9,11.42,38129,45769557.0,4.17,1.39,0.16,2.38
2012-04-19,11.54,11.61,11.9,11.54,26325,31627934.0,3.08,-0.51,-0.06,1.64
2012-04-20,11.57,11.36,11.79,11.35,38775,46129003.0,3.79,-2.15,-0.25,2.42
2012-04-23,11.37,11.0,11.55,10.66,53471,61552503.0,7.83,-3.17,-0.36,3.34
2012-04-24,11.0,11.08,11.26,10.65,40614,46116596.0,5.55,0.73,0.08,2.54
2012-04-26,10.98,11.39,11.62,10.98,39552,46597614.0,5.78,2.8,0.31,2.47
2012-04-27,11.53,11.51,11.82,11.41,39581,47505594.0,3.6,1.05,0.12,2.47
2012-05-02,11.61,11.6,11.75,11.15,43956,52133510.0,5.21,0.78,0.09,2.75
2012-05-03,11.57,11.6,11.8,11.35,28211,33660860.0,3.88,0.0,0.0,1.76
2012-05-04,11.56,11.74,11.75,11.5,33117,39746966.0,2.16,1.21,0.14,2.07
2012-05-07,11.74,12.02,12.02,11.57,54166,66134739.0,3.83,2.39,0.28,3.38
2012-05-08,11.95,12.07,12.14,11.83,33492,41305483.0,2.58,0.42,0.05,2.09
2012-05-09,11.95,11.68,12.05,11.68,25806,31542401.0,3.07,-3.23,-0.39,1.61
2012-05-10,11.66,11.88,12.09,11.66,27102,33229922.0,3.68,1.71,0.2,1.69
2012-05-11,11.89,11.72,12.01,11.7,19371,23611574.0,2.61,-1.35,-0.16,1.21
2012-05-14,11.8,11.35,11.84,11.34,37906,45056830.0,4.27,-3.16,-0.37,2.37
2012-05-15,11.3,11.13,11.3,10.95,29128,33395537.0,3.08,-1.94,-0.22,1.82
2012-05-16,11.16,11.05,11.38,11.05,15316,17696024.0,2.96,-0.72,-0.08,0.96
2012-05-17,11.07,11.39,11.53,11.05,24835,29154019.0,4.34,3.08,0.34,1.55
2012-05-18,11.32,11.14,11.5,11.1,14478,16832930.0,3.51,-2.19,-0.25,0.9
2012-05-21,11.25,11.04,11.32,10.83,15239,17282014.0,4.4,-0.9,-0.1,0.95
2012-05-22,11.04,11.14,11.15,10.93,17851,20323590.0,1.99,0.91,0.1,1.11
2012-05-23,11.24,11.13,11.24,10.93,11642,13326889.0,2.78,-0.09,-0.01,0.73
2012-05-24,11.12,10.77,11.12,10.65,21538,24112601.0,4.22,-3.23,-0.36,1.35
2012-05-25,10.75,10.28,10.87,9.95,38510,41321089.0,8.54,-4.55,-0.49,2.41
2012-05-28,10.1,10.54,10.54,10.0,15876,16918077.0,5.25,2.53,0.26,0.99
2012-05-29,10.47,10.86,10.91,10.36,23577,26073277.0,5.22,3.04,0.32,1.47
2012-05-30,10.74,10.74,11.13,10.72,19220,21700088.0,3.78,-1.1,-0.12,1.2
2012-05-31,10.75,11.03,11.11,10.7,23570,26701418.0,3.82,2.7,0.29,1.47
2012-06-01,11.03,11.08,11.22,10.9,14622,16662765.0,2.9,0.45,0.05,0.91
2012-06-04,10.85,10.46,10.93,10.45,21198,23393113.0,4.33,-5.6,-0.62,1.32
2012-06-05,10.46,10.45,10.65,10.36,10805,11675796.0,2.77,-0.1,-0.01,0.67
2012-06-06,10.5,10.55,10.71,10.45,7248,7903423.0,2.49,0.96,0.1,0.45
2012-06-07,10.66,10.52,10.8,10.5,8165,8988495.0,2.84,-0.28,-0.03,0.51
2012-06-08,10.6,10.52,10.69,10.4,9625,10459114.0,2.76,0.0,0.0,0.6
2012-06-11,10.52,10.52,10.58,10.33,19359,20915235.0,2.38,0.0,0.0,1.21
2012-06-12,10.5,10.23,10.51,10.05,14779,15770863.0,4.37,-2.76,-0.29,0.92
2012-06-13,10.21,10.35,10.4,10.06,18291,19387445.0,3.32,1.17,0.12,1.14
2012-06-14,10.35,10.17,10.35,10.11,18679,19714123.0,2.32,-1.74,-0.18,1.17
2012-06-15,10.11,10.16,10.31,10.06,10764,11326117.0,2.46,-0.1,-0.01,0.67
2012-06-18,10.25,10.18,10.29,10.15,9122,9634752.0,1.38,0.2,0.02,0.57
2012-06-19,10.24,10.34,10.35,10.14,10104,10728127.0,2.06,1.57,0.16,0.63
2012-06-20,10.39,10.31,10.5,10.26,5669,6088070.0,2.32,-0.29,-0.03,0.35
2012-06-21,10.44,10.33,10.44,9.97,9740,10209049.0,4.56,0.19,0.02,0.61
2012-06-25,10.3,10.06,10.3,10.01,6701,6993511.0,2.81,-2.61,-0.27,0.42
2012-06-26,10.05,9.63,10.15,9.45,19777,19879676.0,6.96,-4.27,-0.43,1.24
2012-06-27,9.61,9.11,9.73,9.1,25387,24674358.0,6.54,-5.4,-0.52,1.59
2012-06-28,9.15,8.75,9.3,8.65,20488,18818932.0,7.14,-3.95,-0.36,1.28
2012-06-29,8.73,8.82,8.88,8.5,10431,9469499.0,4.34,0.8,0.07,0.65
2012-07-02,8.82,8.73,8.92,8.6,17131,15629654.0,3.63,-1.02,-0.09,1.07
2012-07-03,8.76,8.56,8.76,8.52,18002,16143688.0,2.75,-1.95,-0.17,1.12
2012-07-04,8.59,8.41,8.59,8.26,22754,19955675.0,3.86,-1.75,-0.15,1.42
2012-07-05,8.42,8.45,8.63,8.4,16605,14699979.0,2.73,0.48,0.04,1.04
2012-07-06,8.54,8.4,8.54,8.0,21200,18219438.0,6.39,-0.59,-0.05,1.32
2012-07-09,8.24,7.86,8.37,7.86,18694,15785621.0,6.07,-6.43,-0.54,1.17
2012-07-10,7.85,7.58,7.91,7.55,17577,14095704.0,4.58,-3.56,-0.28,1.1
2012-07-11,7.52,7.72,7.72,7.5,10884,8688008.0,2.9,1.85,0.14,0.68
2012-07-12,7.74,7.84,7.87,7.56,11494,9284136.0,4.02,1.55,0.12,0.72
2012-07-13,7.83,7.79,7.93,7.66,13989,11389631.0,3.44,-0.64,-0.05,0.87
2012-07-16,7.7,7.35,7.7,7.35,14859,11715202.0,4.49,-5.65,-0.44,0.93
2012-07-17,7.38,7.79,7.83,7.35,23731,19057550.0,6.53,5.99,0.44,1.48
2012-07-18,7.83,8.24,8.26,7.75,39067,32738175.0,6.55,5.78,0.45,2.44
2012-07-19,8.28,8.15,8.33,8.05,27449,23405849.0,3.4,-1.09,-0.09,1.71
2012-07-20,8.12,8.09,8.18,7.95,10582,8928744.0,2.82,-0.74,-0.06,0.66
2012-07-23,7.95,8.19,8.26,7.91,12327,10453625.0,4.33,1.24,0.1,0.77
2012-07-24,8.15,8.13,8.23,8.05,12360,10473242.0,2.2,-0.73,-0.06,0.77
2012-07-25,8.1,7.92,8.11,7.89,11778,9857922.0,2.71,-2.58,-0.21,0.74
2012-07-26,7.86,7.87,8.0,7.83,8524,7038406.0,2.15,-0.63,-0.05,0.53
2012-07-27,7.9,7.88,7.93,7.76,8135,6660754.0,2.16,0.13,0.01,0.51
2012-07-30,7.75,7.49,7.91,7.15,15887,12603468.0,9.64,-4.95,-0.39,0.99
2012-07-31,7.38,7.25,7.53,7.13,13306,10124353.0,5.34,-3.2,-0.24,0.83
2012-08-01,7.25,7.3,7.44,7.23,12705,9757056.0,2.9,0.69,0.05,0.79
2012-08-02,7.3,7.29,7.33,7.13,8015,6070439.0,2.74,-0.14,-0.01,0.5
2012-08-03,7.3,8.05,8.05,7.3,17767,14742092.0,10.29,10.43,0.76,1.11
2012-08-06,8.45,8.53,8.72,8.15,66823,58814307.0,7.08,5.96,0.48,4.17
2012-08-07,8.42,8.85,9.07,8.37,69335,63259797.0,8.21,3.75,0.32,4.33
2012-08-08,8.69,8.73,8.8,8.54,39129,35181157.0,2.94,-1.36,-0.12,2.44
2012-08-09,8.74,8.79,8.9,8.47,45038,40766277.0,4.93,0.69,0.06,2.81
2012-08-10,8.68,8.64,8.85,8.57,18976,17160700.0,3.19,-1.71,-0.15,1.19
2012-08-13,8.55,8.24,8.65,8.2,45287,39438650.0,5.21,-4.63,-0.4,2.83
2012-08-14,8.25,8.15,8.3,7.83,35710,29920794.0,5.7,-1.09,-0.09,2.23
2012-08-15,8.08,9.0,9.0,7.94,120929,109558071.0,13.01,10.43,0.85,7.55
2012-08-16,8.8,8.76,9.22,8.73,97709,90822714.0,5.44,-2.67,-0.24,6.1
2012-08-17,8.63,8.61,8.69,8.44,43401,38703826.0,2.85,-1.71,-0.15,2.71
2012-08-20,8.53,8.8,8.85,8.37,37492,33746353.0,5.57,2.21,0.19,2.34
2012-08-21,8.85,9.11,9.53,8.72,64591,60582879.0,9.2,3.52,0.31,4.03
2012-08-22,9.05,8.87,9.13,8.76,40686,37730153.0,4.06,-2.63,-0.24,2.54
2012-08-23,8.81,8.88,9.02,8.77,21997,20314976.0,2.82,0.11,0.01,1.37
2012-08-24,8.8,9.09,9.41,8.8,68326,64880867.0,6.87,2.36,0.21,4.27
2012-08-27,8.89,9.48,9.49,8.85,85980,82612196.0,7.04,4.29,0.39,5.37
2012-08-28,9.46,9.23,9.8,9.15,74621,72679233.0,6.86,-2.64,-0.25,4.66
2012-08-29,9.07,9.07,9.21,8.97,36706,34545729.0,2.6,-1.73,-0.16,2.29
2012-08-30,9.0,8.62,9.12,8.45,42137,38353712.0,7.39,-4.96,-0.45,2.63
2012-08-31,8.53,8.73,8.79,8.46,17585,15861291.0,3.83,1.28,0.11,1.1
2012-09-03,8.71,8.83,8.94,8.55,22787,20788432.0,4.47,1.15,0.1,1.42
2012-09-04,8.82,8.45,8.89,8.37,30028,27050076.0,5.89,-4.3,-0.38,1.88
2012-09-05,8.28,8.46,8.61,8.08,28271,24560248.0,6.27,0.12,0.01,1.77
2012-09-06,8.35,8.59,8.63,8.25,20255,17856716.0,4.49,1.54,0.13,1.27
2012-09-07,8.7,8.87,9.06,8.61,54753,50340576.0,5.24,3.26,0.28,3.42
2012-09-10,8.8,8.91,9.0,8.76,30925,28578567.0,2.71,0.45,0.04,1.93
2012-09-11,8.85,8.84,8.9,8.7,25728,23561168.0,2.24,-0.79,-0.07,1.61
2012-09-12,8.83,8.92,9.02,8.75,28387,26281598.0,3.05,0.9,0.08,1.77
2012-09-13,8.96,8.75,9.17,8.75,44662,41721963.0,4.71,-1.91,-0.17,2.79
2012-09-14,8.85,8.55,8.9,8.46,31465,28158736.0,5.03,-2.29,-0.2,1.97
2012-09-17,8.56,8.2,8.66,8.16,19635,17027494.0,5.85,-4.09,-0.35,1.23
2012-09-18,8.2,8.01,8.27,8.0,15434,13059682.0,3.29,-2.32,-0.19,0.96
2012-09-19,8.09,7.96,8.16,7.92,16180,13538063.0,3.0,-0.62,-0.05,1.01
2012-09-20,7.99,7.52,7.99,7.46,24602,19877592.0,6.66,-5.53,-0.44,1.54
2012-09-21,7.52,7.7,7.8,7.5,25081,20040966.0,3.99,2.39,0.18,1.57
2012-09-24,7.53,7.77,7.9,7.45,14925,12017575.0,5.84,0.91,0.07,0.93
2012-09-25,7.75,7.55,7.86,7.53,13433,10772171.0,4.25,-2.83,-0.22,0.84
2012-09-26,7.56,7.2,7.59,7.15,18455,14177903.0,5.83,-4.64,-0.35,1.15
2012-09-27,7.27,7.37,7.48,7.22,21553,16645919.0,3.61,2.36,0.17,1.35
2012-09-28,7.29,7.58,7.63,7.29,16244,12835664.0,4.61,2.85,0.21,1.01
2012-10-08,7.6,7.7,7.73,7.45,23019,18371011.0,3.69,1.58,0.12,1.44
2012-10-09,7.72,7.83,7.84,7.64,23407,19045887.0,2.6,1.69,0.13,1.46
2012-10-10,7.83,7.89,8.0,7.78,18356,15077226.0,2.81,0.77,0.06,1.15
2012-10-11,7.89,7.78,8.03,7.75,21349,17624800.0,3.55,-1.39,-0.11,1.33
2012-10-12,7.77,7.66,7.85,7.6,20404,16421233.0,3.21,-1.54,-0.12,1.27
2012-10-15,7.63,7.73,7.78,7.59,17124,13726622.0,2.48,0.91,0.07,1.07
2012-10-16,7.65,7.61,7.7,7.57,23694,18892532.0,1.68,-1.55,-0.12,1.48
2012-10-17,7.64,7.7,7.71,7.58,11094,8891153.0,1.71,1.18,0.09,0.69
2012-10-18,7.71,7.85,7.87,7.66,18294,14869749.0,2.73,1.95,0.15,1.14
2012-10-19,7.81,7.75,7.92,7.75,14942,12201559.0,2.17,-1.27,-0.1,0.93
2012-10-22,7.7,7.66,7.71,7.45,18182,14407214.0,3.35,-1.16,-0.09,1.14
2012-10-23,7.65,7.63,7.7,7.58,15829,12646316.0,1.57,-0.39,-0.03,0.99
2012-10-24,7.6,8.03,8.12,7.55,52451,43402768.0,7.47,5.24,0.4,3.28
2012-10-25,7.86,7.69,8.11,7.67,27941,22870082.0,5.48,-4.23,-0.34,1.75
2012-10-26,7.69,7.53,7.76,7.47,21746,17209313.0,3.77,-2.08,-0.16,1.36
2012-10-29,7.54,7.51,7.58,7.46,7456,5860643.0,1.59,-0.27,-0.02,0.47
2012-10-30,7.51,7.43,7.58,7.35,20299,15844385.0,3.06,-1.07,-0.08,1.27
2012-10-31,7.37,7.42,7.54,7.35,12595,9802016.0,2.56,-0.13,-0.01,0.79
2012-11-01,7.43,7.54,7.57,7.4,22169,17356377.0,2.29,1.62,0.12,1.38
2012-11-02,7.54,7.52,7.56,7.43,12458,9765551.0,1.72,-0.27,-0.02,0.78
2012-11-05,7.49,7.84,8.02,7.43,52987,43186026.0,7.85,4.26,0.32,3.31
2012-11-06,7.73,7.62,7.78,7.5,28251,22552621.0,3.57,-2.81,-0.22,1.76
2012-11-07,7.58,7.73,7.91,7.58,30169,24568626.0,4.33,1.44,0.11,1.88
2012-11-08,7.65,7.34,7.68,7.26,29148,22801139.0,5.43,-5.05,-0.39,1.82
2012-11-09,7.26,7.37,7.39,7.2,11686,8957225.0,2.59,0.41,0.03,0.73
2012-11-12,7.44,7.35,7.44,7.25,6452,4955784.0,2.58,-0.27,-0.02,0.4
2012-11-13,7.35,7.26,7.35,7.21,7955,6059922.0,1.9,-1.22,-0.09,0.5
2012-11-14,7.25,7.25,7.33,7.17,7002,5329354.0,2.2,-0.14,-0.01,0.44
2012-11-15,7.25,7.03,7.25,7.02,10253,7658408.0,3.17,-3.03,-0.22,0.64
2012-11-16,7.01,6.72,7.07,6.6,26185,18557181.0,6.69,-4.41,-0.31,1.64
2012-11-19,6.76,6.65,6.8,6.47,19940,13920721.0,4.91,-1.04,-0.07,1.25
2012-11-20,6.66,6.64,6.78,6.58,13461,9424228.0,3.01,-0.15,-0.01,0.84
2012-11-21,6.61,6.67,6.78,6.56,24564,17145417.0,3.31,0.45,0.03,1.53
2012-11-22,6.67,6.74,6.89,6.6,31155,22130799.0,4.35,1.05,0.07,1.95
2012-11-23,6.77,6.77,6.87,6.67,20546,14620211.0,2.97,0.45,0.03,1.28
2012-11-26,6.77,6.52,6.79,6.48,15548,10777757.0,4.58,-3.69,-0.25,0.97
2012-11-27,6.5,6.03,6.55,5.87,33350,21539082.0,10.43,-7.52,-0.49,2.08
2012-11-28,5.98,5.89,6.14,5.83,22216,13951520.0,5.14,-2.32,-0.14,1.39
2012-11-29,5.89,5.8,6.02,5.77,10708,6684840.0,4.24,-1.53,-0.09,0.67
2012-11-30,5.87,5.99,6.02,5.77,17620,11037177.0,4.31,3.28,0.19,1.1
2012-12-03,5.95,5.65,6.01,5.62,11009,6815838.0,6.51,-5.68,-0.34,0.69
2012-12-04,5.64,5.96,6.24,5.51,37920,23707372.0,12.92,5.49,0.31,2.37
2012-12-05,5.86,6.21,6.3,5.86,34133,22143372.0,7.38,4.19,0.25,2.13
2012-12-06,6.19,6.15,6.21,6.04,16205,10468248.0,2.74,-0.97,-0.06,1.01
2012-12-07,6.07,6.26,6.45,6.06,39490,26324580.0,6.34,1.79,0.11,2.47
2012-12-10,6.26,6.35,6.38,6.16,19989,13314916.0,3.51,1.44,0.09,1.25
2012-12-11,6.35,6.35,6.63,6.23,40927,27734161.0,6.3,0.0,0.0,2.56
2012-12-12,6.33,6.41,6.54,6.2,36415,24400909.0,5.35,0.94,0.06,2.27
2012-12-13,6.41,6.27,6.48,6.26,18138,12132659.0,3.43,-2.18,-0.14,1.13
2012-12-14,6.33,6.52,6.58,6.23,30378,20689626.0,5.58,3.99,0.25,1.9
2012-12-17,6.52,6.57,6.76,6.46,25803,17955179.0,4.6,0.77,0.05,1.61
2012-12-18,6.58,6.57,6.72,6.46,34740,23993469.0,3.96,0.0,0.0,2.17
2012-12-19,6.56,6.68,6.78,6.43,40092,28094730.0,5.33,1.67,0.11,2.5
2012-12-20,6.61,6.54,6.66,6.45,22616,15594808.0,3.14,-2.1,-0.14,1.41
2012-12-21,6.54,6.66,6.7,6.45,40749,28179114.0,3.82,1.83,0.12,2.54
2012-12-24,6.61,6.64,6.73,6.56,19622,13700139.0,2.55,-0.3,-0.02,1.23
2012-12-25,6.65,6.78,6.83,6.59,40035,28488137.0,3.61,2.11,0.14,2.5
2012-12-26,6.78,6.91,6.91,6.74,35305,25452249.0,2.51,1.92,0.13,2.2
2012-12-27,6.87,7.08,7.08,6.8,42026,30634247.0,4.05,2.46,0.17,2.62
2012-12-28,7.05,7.33,7.41,7.02,66256,50155070.0,5.51,3.53,0.25,4.14
2012-12-31,7.36,7.34,7.53,7.21,40584,31261878.0,4.37,0.14,0.01,2.53
2013-01-04,7.35,7.2,7.45,7.13,33444,25296006.0,4.36,-1.91,-0.14,2.09
2013-01-07,7.23,7.18,7.23,7.05,19354,14490548.0,2.5,-0.28,-0.02,1.21
2013-01-08,7.21,7.42,7.43,7.07,54262,41381982.0,5.01,3.34,0.24,3.39
2013-01-09,7.39,7.31,7.39,7.1,46659,35794758.0,3.91,-1.48,-0.11,2.91
2013-01-10,7.23,7.39,7.43,7.23,32277,24840361.0,2.74,1.09,0.08,2.02
2013-01-11,7.34,7.3,7.46,7.26,34293,26429700.0,2.71,-1.22,-0.09,2.14
2013-01-14,7.29,7.41,7.44,7.15,32274,24796931.0,3.97,1.51,0.11,2.02
2013-01-15,7.42,7.82,8.19,7.39,74868,61282944.0,10.8,5.53,0.41,4.68
2013-01-16,7.75,7.86,8.02,7.61,42677,34605239.0,5.24,0.51,0.04,2.67
2013-01-17,7.82,7.75,7.89,7.58,25228,20402352.0,3.94,-1.4,-0.11,1.58
2013-01-18,7.73,7.8,7.86,7.71,17737,14421262.0,1.94,0.65,0.05,1.11
2013-01-21,7.85,7.82,7.87,7.72,13038,10607446.0,1.92,0.26,0.02,0.81
2013-01-22,7.82,7.53,7.82,7.45,33000,26265740.0,4.73,-3.71,-0.29,2.06
2013-01-23,7.43,7.4,7.53,7.23,39589,30535799.0,3.98,-1.73,-0.13,2.47
2013-01-24,7.35,7.2,7.45,7.08,37179,28250801.0,5.0,-2.7,-0.2,2.32
2013-01-25,7.14,7.15,7.24,7.03,11827,8856632.0,2.92,-0.69,-0.05,0.74
2013-01-28,7.17,7.38,7.46,7.17,24779,19055091.0,4.06,3.22,0.23,1.55
2013-01-29,7.38,7.4,7.47,7.33,18132,14056930.0,1.9,0.27,0.02,1.13
2013-01-30,7.36,7.41,7.47,7.3,24611,19026964.0,2.3,0.14,0.01,1.54
2013-01-31,7.4,7.15,7.4,7.08,18816,14308413.0,4.32,-3.51,-0.26,1.18
2013-02-01,7.18,7.08,7.2,7.04,25426,18921104.0,2.24,-0.98,-0.07,1.59
2013-02-04,7.12,7.03,7.17,6.98,13202,9771848.0,2.68,-0.71,-0.05,0.82
2013-02-05,7.04,7.1,7.18,6.85,17568,12935959.0,4.69,1.0,0.07,1.1
2013-02-06,7.13,7.14,7.19,7.01,16001,11925720.0,2.54,0.56,0.04,1.0
2013-02-07,7.12,7.27,7.38,7.1,21074,15971007.0,3.92,1.82,0.13,1.32
2013-02-08,7.28,7.56,7.6,7.15,30113,23486417.0,6.19,3.99,0.29,1.88
2013-02-18,7.56,7.52,7.63,7.49,18616,14703486.0,1.85,-0.53,-0.04,1.16
2013-02-19,7.55,7.36,7.56,7.32,20081,15575500.0,3.19,-2.13,-0.16,1.25
2013-02-20,7.35,7.42,7.43,7.28,13520,10429729.0,2.04,0.82,0.06,0.84
2013-02-21,7.43,7.67,7.77,7.31,51378,40704183.0,6.2,3.37,0.25,3.21
2013-02-22,7.64,7.61,7.72,7.55,31879,25399180.0,2.22,-0.78,-0.06,1.99
2013-02-25,7.56,7.61,7.65,7.35,31235,24623905.0,3.94,0.0,0.0,1.95
2013-02-26,7.47,7.44,7.55,7.41,16938,13279380.0,1.84,-2.23,-0.17,1.06
2013-02-27,7.44,7.57,7.57,7.38,17376,13626232.0,2.55,1.75,0.13,1.09
2013-02-28,7.55,7.97,8.22,7.55,68760,57030468.0,8.85,5.28,0.4,4.29
2013-03-01,7.87,8.11,8.2,7.79,56394,47118609.0,5.14,1.76,0.14,3.52
2013-03-04,7.95,7.91,8.27,7.87,44936,37841594.0,4.93,-2.47,-0.2,2.81
2013-03-05,7.96,8.74,8.74,7.95,119099,106533811.0,9.99,10.49,0.83,7.44
2013-03-06,9.1,8.94,9.38,8.74,130650,122607102.0,7.32,2.29,0.2,8.16
2013-03-07,8.79,8.59,9.15,8.52,98990,90612044.0,7.05,-3.91,-0.35,6.18
2013-03-08,8.56,8.36,8.58,8.2,76913,67013336.0,4.42,-2.68,-0.23,4.8
2013-03-11,8.33,8.41,8.65,8.26,48152,42549019.0,4.67,0.6,0.05,3.01
2013-03-12,8.45,8.61,8.63,8.2,51346,45385853.0,5.11,2.38,0.2,3.21
2013-03-13,8.52,8.17,8.64,8.03,44046,38285992.0,7.08,-5.11,-0.44,2.75
2013-03-14,8.21,8.32,8.53,8.11,34146,29720680.0,5.14,1.84,0.15,2.13
2013-03-15,8.37,8.86,8.9,8.26,57794,51893501.0,7.69,6.49,0.54,3.61
2013-03-18,8.75,8.98,9.05,8.6,52623,48334858.0,5.08,1.35,0.12,3.29
2013-03-19,8.94,8.78,9.4,8.68,70919,66536843.0,8.02,-2.23,-0.2,4.43
2013-03-20,8.68,8.93,9.11,8.68,44563,41165305.0,4.9,1.71,0.15,2.78
2013-03-21,8.92,8.86,9.0,8.71,39471,36215557.0,3.25,-0.78,-0.07,2.47
2013-03-22,8.81,8.96,8.99,8.68,42119,38681393.0,3.5,1.13,0.1,2.63
2013-03-25,8.9,8.93,9.08,8.77,34805,32198383.0,3.46,-0.33,-0.03,2.17
2013-03-26,8.78,8.61,8.88,8.45,35629,32040739.0,4.82,-3.58,-0.32,2.23
2013-03-27,8.61,8.47,8.71,8.37,26903,23869234.0,3.95,-1.63,-0.14,1.68
2013-03-28,8.4,8.53,8.75,7.97,43538,38255103.0,9.21,0.71,0.06,2.72
2013-03-29,8.53,8.52,8.65,8.31,16748,14710892.0,3.99,-0.12,-0.01,1.05
2013-04-01,8.46,8.69,8.71,8.41,20596,18370174.0,3.52,2.0,0.17,1.29
2013-04-02,8.74,8.65,8.75,8.5,20336,18177994.0,2.88,-0.46,-0.04,1.27
2013-04-03,8.61,8.37,8.67,8.33,16378,14436147.0,3.93,-3.24,-0.28,1.02
2013-04-08,8.22,8.29,8.36,8.05,11436,9774965.0,3.7,-0.96,-0.08,0.71
2013-04-09,8.3,8.46,8.51,8.25,12151,10647626.0,3.14,2.05,0.17,0.76
2013-04-10,8.4,8.46,8.51,8.35,9072,7974123.0,1.89,0.0,0.0,0.57
2013-04-11,8.46,8.47,8.6,8.39,13321,11762971.0,2.48,0.12,0.01,0.83
2013-04-12,8.49,8.29,8.49,8.25,11143,9633208.0,2.83,-2.13,-0.18,0.7
2013-04-15,8.24,8.21,8.34,8.15,7366,6323519.0,2.29,-0.97,-0.08,0.46
2013-04-16,8.16,8.18,8.22,7.87,8636,7280464.0,4.26,-0.37,-0.03,0.54
2013-04-17,8.11,8.1,8.18,7.95,7504,6337420.0,2.81,-0.98,-0.08,0.47
2013-04-18,8.1,7.93,8.2,7.85,22505,18900632.0,4.32,-2.1,-0.17,1.41
2013-04-19,7.86,7.97,8.13,7.86,23467,19640029.0,3.4,0.5,0.04,1.47
2013-04-22,7.99,7.8,7.99,7.71,25301,20617217.0,3.51,-2.13,-0.17,1.58
2013-04-23,7.8,7.71,7.95,7.7,18671,15231865.0,3.21,-1.15,-0.09,1.17
2013-04-24,7.8,7.72,7.81,7.55,15395,12377705.0,3.37,0.13,0.01,0.96
2013-04-25,7.71,7.62,7.81,7.6,13647,10993847.0,2.72,-1.3,-0.1,0.85
2013-04-26,7.69,7.45,7.77,7.43,16218,12794122.0,4.46,-2.23,-0.17,1.01
2013-05-02,7.34,7.15,7.4,7.06,22814,17156343.0,4.56,-4.03,-0.3,1.42
2013-05-03,7.21,7.5,7.55,7.19,17855,13733781.0,5.03,4.9,0.35,1.12
2013-05-06,7.48,7.54,7.62,7.46,16145,12753212.0,2.13,0.53,0.04,1.01
2013-05-07,7.59,7.68,7.74,7.45,17678,14147108.0,3.85,1.86,0.14,1.1
2013-05-08,7.69,7.73,7.84,7.59,12131,9797511.0,3.26,0.65,0.05,0.76
2013-05-09,7.67,7.89,7.89,7.67,20268,16514064.0,2.85,2.07,0.16,1.27
2013-05-10,7.93,7.81,7.93,7.74,13034,10634763.0,2.41,-1.01,-0.08,0.81
2013-05-13,7.81,8.38,8.63,7.7,52460,45375157.0,11.91,7.3,0.57,3.28
2013-05-14,8.38,8.27,8.38,8.13,21542,18499202.0,2.98,-1.31,-0.11,1.35
2013-05-15,8.21,8.3,8.43,8.21,16581,14391312.0,2.66,0.36,0.03,1.04
2013-05-16,8.31,8.33,8.36,8.15,21164,18277871.0,2.53,0.36,0.03,1.32
2013-05-17,8.35,8.58,8.65,8.26,36844,32767626.0,4.68,3.0,0.25,2.3
2013-05-20,8.5,8.54,8.8,8.41,29321,26137595.0,4.55,-0.47,-0.04,1.83
2013-05-21,8.49,8.63,8.83,8.46,30127,27145109.0,4.33,1.05,0.09,1.88
2013-05-22,8.69,8.47,8.69,8.44,16123,14312214.0,2.9,-1.85,-0.16,1.01
2013-05-23,8.51,8.37,8.51,8.33,15937,13934842.0,2.13,-1.18,-0.1,1.0
2013-05-24,8.34,8.6,8.61,8.34,15743,13922692.0,3.23,2.75,0.23,0.98
2013-05-27,8.55,8.41,8.58,8.33,22722,19940009.0,2.91,-2.21,-0.19,1.42
2013-05-28,8.38,8.63,8.68,8.31,32294,28819144.0,4.4,2.62,0.22,2.02
2013-05-29,8.65,8.64,8.85,8.6,23106,20958410.0,2.9,0.12,0.01,1.44
2013-05-30,8.56,8.7,8.74,8.48,26145,23447501.0,3.01,0.69,0.06,1.63
2013-05-31,8.68,8.51,8.7,8.49,25774,22947613.0,2.41,-2.18,-0.19,1.61
2013-06-03,8.46,8.4,8.54,8.35,15145,13268633.0,2.23,-1.29,-0.11,0.95
2013-06-04,8.45,8.18,8.45,8.11,21754,18694239.0,4.05,-2.62,-0.22,1.36
2013-06-05,8.23,8.19,8.23,8.05,16853,14284257.0,2.2,0.12,0.01,1.05
2013-06-06,8.13,7.92,8.25,7.9,16794,14179987.0,4.27,-3.3,-0.27,1.05
2013-06-07,7.95,7.95,8.09,7.88,11171,9291928.0,2.65,0.38,0.03,0.7
2013-06-13,7.89,7.75,7.89,7.6,11075,8925336.0,3.65,-2.52,-0.2,0.69
2013-06-14,7.83,7.88,7.91,7.75,8766,7171873.0,2.06,1.68,0.13,0.55
2013-06-17,7.9,8.03,8.09,7.84,13995,11582926.0,3.17,1.9,0.15,0.87
2013-06-18,8.03,7.99,8.09,7.78,15460,12806133.0,3.86,-0.5,-0.04,0.97
2013-06-19,7.96,7.92,7.96,7.78,4321,3547792.0,2.25,-0.88,-0.07,0.27
2013-06-20,7.88,7.58,7.88,7.55,16059,12865352.0,4.17,-4.29,-0.34,1.0
2013-06-21,7.54,7.56,7.62,7.15,9112,7108519.0,6.2,-0.26,-0.02,0.57
2013-06-24,7.58,7.01,7.58,6.83,22029,16503873.0,9.92,-7.28,-0.55,1.38
2013-06-25,6.91,6.8,6.98,6.27,19271,13425079.0,10.13,-3.0,-0.21,1.2
2013-06-26,6.8,6.77,6.81,6.5,16015,11200441.0,4.56,-0.44,-0.03,1.0
2013-06-27,6.79,6.63,6.9,6.63,12913,9188874.0,3.99,-2.07,-0.14,0.81
2013-06-28,6.65,6.74,6.74,6.52,9748,6829921.0,3.32,1.66,0.11,0.61
2013-07-01,6.72,6.93,6.93,6.6,8804,6280113.0,4.9,2.82,0.19,0.55
2013-07-02,6.93,6.94,6.96,6.83,7202,5218967.0,1.88,0.14,0.01,0.45
2013-07-03,6.98,6.81,6.98,6.74,7505,5380417.0,3.46,-1.87,-0.13,0.47
2013-07-04,6.85,7.03,7.12,6.77,10191,7433340.0,5.14,3.23,0.22,0.64
2013-07-05,7.02,7.02,7.13,7.0,7406,5483936.0,1.85,-0.14,-0.01,0.46
2013-07-08,6.85,6.68,6.99,6.68,7748,5534474.0,4.42,-4.84,-0.34,0.48
2013-07-09,6.83,6.82,6.85,6.72,3965,2827297.0,1.95,2.1,0.14,0.25
2013-07-10,6.86,6.98,6.99,6.75,5847,4254460.0,3.52,2.35,0.16,0.37
2013-07-11,6.96,7.09,7.21,6.9,10096,7542207.0,4.44,1.58,0.11,0.63
2013-07-12,7.2,6.97,7.27,6.94,9437,7028662.0,4.65,-1.69,-0.12,0.59
2013-07-15,7.02,7.13,7.16,6.89,9323,6927839.0,3.87,2.3,0.16,0.58
2013-07-16,7.15,7.41,7.48,7.1,14243,10904351.0,5.33,3.93,0.28,0.89
2013-07-17,7.42,7.55,7.73,7.35,16637,13158713.0,5.13,1.89,0.14,1.04
2013-07-18,7.45,7.49,7.63,7.36,6567,5153141.0,3.58,-0.79,-0.06,0.41
2013-07-19,7.55,7.2,7.55,7.19,7235,5595439.0,4.81,-3.87,-0.29,0.45
2013-07-22,7.14,7.19,7.38,7.05,8881,6720490.0,4.58,-0.14,-0.01,0.55
2013-07-23,7.25,7.8,7.82,7.25,15209,11981989.0,7.93,8.48,0.61,0.95
2013-07-24,7.69,7.61,7.79,7.55,11507,9165047.0,3.08,-2.44,-0.19,0.72
2013-07-25,7.68,7.49,7.7,7.44,7945,6242622.0,3.42,-1.58,-0.12,0.5
2013-07-26,7.46,7.45,7.6,7.4,6408,5008420.0,2.67,-0.53,-0.04,0.4
2013-07-29,7.33,7.27,7.43,7.21,6609,5059844.0,2.95,-2.42,-0.18,0.41
2013-07-30,7.34,7.25,7.44,7.16,5360,4069670.0,3.85,-0.28,-0.02,0.33
2013-07-31,7.33,7.42,7.45,7.23,7812,6015331.0,3.03,2.34,0.17,0.49
2013-08-01,7.37,7.53,7.55,7.37,7237,5659486.0,2.43,1.48,0.11,0.45
2013-08-02,7.45,7.54,7.63,7.45,4355,3437112.0,2.39,0.13,0.01,0.27
2013-08-05,7.53,7.56,7.61,7.46,8246,6508106.0,1.99,0.27,0.02,0.51
2013-08-06,7.65,7.57,7.65,7.48,7116,5632040.0,2.25,0.13,0.01,0.44
2013-08-07,7.59,7.46,7.62,7.38,8555,6715234.0,3.17,-1.45,-0.11,0.53
2013-08-08,7.49,7.4,7.5,7.25,8986,6939717.0,3.35,-0.8,-0.06,0.56
2013-08-09,7.4,7.4,7.47,7.3,9472,7295598.0,2.3,0.0,0.0,0.59
2013-08-12,7.41,7.54,7.58,7.35,15629,12251573.0,3.11,1.89,0.14,0.98
2013-08-13,7.54,7.73,7.75,7.54,19582,15748594.0,2.79,2.52,0.19,1.22
2013-08-14,7.7,7.71,7.88,7.58,20422,16506114.0,3.88,-0.26,-0.02,1.28
2013-08-15,7.65,7.61,7.78,7.56,10219,8160908.0,2.85,-1.3,-0.1,0.64
2013-08-16,7.64,7.52,7.75,7.5,11720,9305577.0,3.29,-1.18,-0.09,0.73
2013-08-19,7.54,7.68,7.69,7.41,13208,10443235.0,3.72,2.13,0.16,0.82
2013-08-20,7.68,7.72,7.77,7.63,10688,8613430.0,1.82,0.52,0.04,0.67
2013-08-21,7.74,7.73,7.77,7.67,9665,7799810.0,1.3,0.13,0.01,0.6
2013-08-22,7.62,7.82,8.0,7.62,11757,9631845.0,4.92,1.16,0.09,0.73
2013-08-23,7.89,8.2,8.25,7.77,31694,26657776.0,6.14,4.86,0.38,1.98
2013-08-26,8.2,8.2,8.25,8.06,19001,16206213.0,2.32,0.0,0.0,1.19
2013-08-27,8.19,8.17,8.21,8.05,15491,13136907.0,1.95,-0.37,-0.03,0.97
2013-08-28,8.16,8.3,8.61,8.05,28537,24906453.0,6.85,1.59,0.13,1.78
2013-08-29,8.3,8.44,8.58,8.3,21350,18688827.0,3.37,1.69,0.14,1.33
2013-08-30,8.43,8.39,8.53,8.31,15650,13712799.0,2.61,-0.59,-0.05,0.98
2013-09-02,8.41,8.35,8.59,8.32,14648,12847350.0,3.22,-0.48,-0.04,0.91
2013-09-03,8.32,8.35,8.48,8.25,16671,14507983.0,2.75,0.0,0.0,1.04
2013-09-04,8.36,8.43,8.48,8.32,15674,13737390.0,1.92,0.96,0.08,0.98
2013-09-05,8.47,8.36,8.47,8.25,12006,10416315.0,2.61,-0.83,-0.07,0.75
2013-09-06,8.4,8.19,8.4,8.15,20621,17696922.0,2.99,-2.03,-0.17,1.29
2013-09-09,8.15,8.14,8.27,8.13,15663,13374248.0,1.71,-0.61,-0.05,0.98
2013-09-10,8.19,8.15,8.19,8.06,13173,11169095.0,1.6,0.12,0.01,0.82
2013-09-11,8.19,8.01,8.19,7.95,16011,13426864.0,2.94,-1.72,-0.14,1.0
2013-09-12,8.06,8.85,8.85,8.0,64905,58409008.0,10.61,10.49,0.84,4.05
2013-09-13,8.75,9.34,9.74,8.71,92863,88412071.0,11.64,5.54,0.49,5.8
2013-09-16,9.25,9.39,9.5,9.09,48564,46864155.0,4.39,0.54,0.05,3.03
2013-09-17,9.36,9.02,9.44,8.98,36172,34413841.0,4.9,-3.94,-0.37,2.26
2013-09-18,8.95,9.05,9.3,8.87,22972,21655235.0,4.77,0.33,0.03,1.43
2013-09-23,9.06,9.11,9.2,8.95,21223,19996964.0,2.76,0.66,0.06,1.33
2013-09-24,9.18,9.14,9.25,9.03,22397,21241125.0,2.41,0.33,0.03,1.4
2013-09-25,9.06,9.0,9.23,9.0,16650,15734038.0,2.52,-1.53,-0.14,1.04
2013-09-26,8.93,8.83,9.05,8.76,22312,20518953.0,3.22,-1.89,-0.17,1.39
2013-09-27,8.72,8.89,9.03,8.71,14831,13768930.0,3.62,0.68,0.06,0.93
2013-09-30,8.86,9.24,9.24,8.85,18471,17539417.0,4.39,3.94,0.35,1.15
2013-10-08,9.19,9.2,9.3,9.02,19392,18425832.0,3.03,-0.43,-0.04,1.21
2013-10-09,9.24,9.19,9.24,9.03,18410,17519083.0,2.28,-0.11,-0.01,1.15
2013-10-10,9.22,8.96,9.23,8.95,17333,16280164.0,3.05,-2.5,-0.23,1.08
2013-10-11,8.96,9.15,9.31,8.91,19046,18014244.0,4.46,2.12,0.19,1.19
2013-10-14,9.15,9.34,9.52,9.15,25879,25123555.0,4.04,2.08,0.19,1.62
2013-10-15,9.34,9.11,9.39,9.06,20260,19217918.0,3.53,-2.46,-0.23,1.27
2013-10-16,9.11,8.94,9.15,8.87,17609,16387898.0,3.07,-1.87,-0.17,1.1
2013-10-17,9.05,8.95,9.15,8.86,17403,16285359.0,3.24,0.11,0.01,1.09
2013-10-18,8.95,9.04,9.18,8.87,14873,13957056.0,3.46,1.01,0.09,0.93
2013-10-21,9.09,9.2,9.24,9.0,20044,19066835.0,2.65,1.77,0.16,1.25
2013-10-22,9.14,9.33,9.58,9.11,26293,25495310.0,5.11,1.41,0.13,1.64
2013-10-23,9.2,9.15,9.47,9.03,21987,20984064.0,4.72,-1.93,-0.18,1.37
2013-10-24,9.22,9.5,9.55,9.1,28542,27747198.0,4.92,3.83,0.35,1.78
2013-10-25,9.52,9.49,9.55,9.36,26989,26437082.0,2.0,-0.11,-0.01,1.69
2013-10-28,9.37,9.13,9.48,9.01,23116,22122189.0,4.95,-3.79,-0.36,1.44
2013-10-29,9.14,8.52,9.14,8.35,28987,26322979.0,8.65,-6.68,-0.61,1.81
2013-10-30,8.52,8.63,8.84,8.46,15776,14222768.0,4.46,1.29,0.11,0.99
2013-10-31,8.63,8.71,8.72,8.31,17127,15237884.0,4.75,0.93,0.08,1.07
2013-11-01,8.62,8.72,8.8,8.49,11721,10505652.0,3.56,0.11,0.01,0.73
2013-11-04,8.7,8.55,8.7,8.46,7482,6672108.0,2.75,-1.95,-0.17,0.47
2013-11-05,8.6,8.82,8.9,8.4,21765,19771129.0,5.85,3.16,0.27,1.36
2013-11-06,8.86,8.66,8.86,8.55,15937,14428037.0,3.51,-1.81,-0.16,1.0
2013-11-07,8.66,8.6,8.73,8.53,7693,6880026.0,2.31,-0.69,-0.06,0.48
2013-11-08,8.48,8.27,8.59,8.19,16250,14070879.0,4.65,-3.84,-0.33,1.01
2013-11-11,8.27,8.31,8.38,8.13,10820,9332647.0,3.02,0.48,0.04,0.68
2013-11-12,8.39,8.43,8.43,8.23,4744,4130281.0,2.41,1.44,0.12,0.3
2013-11-13,8.35,8.52,8.71,8.31,12947,11528346.0,4.74,1.07,0.09,0.81
2013-11-14,8.52,8.64,8.78,8.35,9067,8050584.0,5.05,1.41,0.12,0.57
2013-11-15,8.71,8.66,8.71,8.53,19624,17660739.0,2.08,0.23,0.02,1.23
2013-11-18,8.66,8.67,8.75,8.47,21510,19270816.0,3.23,0.12,0.01,1.34
2013-11-19,8.61,8.67,8.71,8.55,10349,9277170.0,1.85,0.0,0.0,0.65
2013-11-20,8.67,8.65,8.68,8.55,8198,7346096.0,1.5,-0.23,-0.02,0.51
2013-11-21,8.65,8.56,8.65,8.36,18643,16480085.0,3.35,-1.04,-0.09,1.16
2013-11-22,8.51,8.47,8.58,8.37,13743,12074894.0,2.45,-1.05,-0.09,0.86
2013-11-25,8.4,8.38,8.44,8.32,8677,7568518.0,1.42,-1.06,-0.09,0.54
2013-11-26,8.32,8.35,8.4,8.26,6345,5504249.0,1.67,-0.36,-0.03,0.4
2013-11-27,8.35,8.58,8.58,8.33,9418,8305858.0,2.99,2.75,0.23,0.59
2013-11-28,8.6,8.69,8.73,8.47,21346,19066109.0,3.03,1.28,0.11,1.33
2013-11-29,8.58,8.58,8.65,8.48,12035,10709397.0,1.96,-1.27,-0.11,0.75
2013-12-02,8.23,7.69,8.24,7.69,25238,20617128.0,6.41,-10.37,-0.89,1.58
2013-12-03,7.56,7.54,7.59,6.94,38614,29476353.0,8.45,-1.95,-0.15,2.41
2013-12-04,7.43,7.78,7.92,7.27,31193,24887630.0,8.62,3.18,0.24,1.95
2013-12-05,7.7,8.01,8.16,7.66,29399,24255152.0,6.43,2.96,0.23,1.84
2013-12-06,7.94,8.11,8.15,7.92,18460,15474850.0,2.87,1.25,0.1,1.15
2013-12-09,8.07,8.52,8.6,8.07,36577,32188674.0,6.54,5.06,0.41,2.28
2013-12-10,8.47,8.45,8.68,8.45,16039,14269318.0,2.7,-0.82,-0.07,1.0
2013-12-11,8.45,8.58,8.6,8.41,19820,17568518.0,2.25,1.54,0.13,1.24
2013-12-12,8.6,8.61,8.73,8.58,24848,22348510.0,1.75,0.35,0.03,1.55
2013-12-13,8.53,8.66,8.66,8.47,13097,11673704.0,2.21,0.58,0.05,0.82
2013-12-16,8.73,8.55,8.73,8.5,11446,10215028.0,2.66,-1.27,-0.11,0.71
2013-12-17,8.5,8.54,8.62,8.49,5806,5153405.0,1.52,-0.12,-0.01,0.36
2013-12-18,8.6,8.59,8.6,8.51,7472,6667382.0,1.05,0.59,0.05,0.47
2013-12-19,8.63,8.42,8.63,8.3,14858,13045774.0,3.84,-1.98,-0.17,0.93
2013-12-20,8.31,8.4,8.43,8.31,6372,5557774.0,1.43,-0.24,-0.02,0.4
2013-12-23,8.4,8.41,8.74,8.27,12836,11395598.0,5.6,0.12,0.01,0.8
2013-12-24,8.43,8.31,8.45,8.14,13827,11877015.0,3.69,-1.19,-0.1,0.86
2013-12-25,8.33,8.38,8.39,8.18,6474,5611936.0,2.53,0.84,0.07,0.4
2013-12-26,8.42,8.38,8.46,8.35,6048,5295151.0,1.31,0.0,0.0,0.38
2013-12-27,8.35,8.39,8.42,8.27,7477,6501950.0,1.79,0.12,0.01,0.47
2013-12-30,8.45,8.36,8.51,8.33,4969,4352210.0,2.15,-0.36,-0.03,0.31
2013-12-31,8.35,8.25,8.35,7.98,10779,9158163.0,4.43,-1.32,-0.11,0.67
2014-01-02,8.26,8.33,8.35,8.16,4938,4267658.0,2.3,0.97,0.08,0.31
2014-01-03,8.3,8.33,8.37,8.2,7245,6266752.0,2.04,0.0,0.0,0.45
2014-01-06,8.26,8.17,8.3,8.09,7557,6439150.0,2.52,-1.92,-0.16,0.47
2014-01-07,8.22,8.18,8.24,7.99,5567,4722171.0,3.06,0.12,0.01,0.35
2014-01-08,8.24,7.99,8.24,7.75,16351,13536155.0,5.99,-2.32,-0.19,1.02
2014-01-09,7.99,7.84,7.99,7.68,10081,8214823.0,3.88,-1.88,-0.15,0.63
2014-01-10,7.75,7.65,7.84,7.43,15168,12057480.0,5.23,-2.42,-0.19,0.95
2014-01-13,7.46,7.39,7.63,7.28,7238,5647435.0,4.58,-3.4,-0.26,0.45
2014-01-14,7.47,7.43,7.47,7.27,9090,7011537.0,2.71,0.54,0.04,0.57
2014-01-15,7.42,7.47,7.56,7.35,4198,3271000.0,2.83,0.54,0.04,0.26
2014-01-16,7.5,7.43,7.55,7.23,5529,4306899.0,4.28,-0.54,-0.04,0.35
2014-01-17,7.5,7.39,7.5,7.3,4600,3546387.0,2.69,-0.54,-0.04,0.29
2014-01-20,7.35,7.2,7.37,7.04,4372,3304104.0,4.47,-2.57,-0.19,0.27
2014-01-21,7.2,7.23,7.33,7.17,3178,2409077.0,2.22,0.42,0.03,0.2
2014-01-22,7.23,7.56,7.62,7.23,12696,9917885.0,5.39,4.56,0.33,0.79
2014-01-23,7.61,7.57,7.64,7.53,5439,4310066.0,1.46,0.13,0.01,0.34
2014-01-24,7.55,7.72,7.75,7.52,7689,6161345.0,3.04,1.98,0.15,0.48
2014-01-27,7.45,7.58,7.7,7.35,7611,5962883.0,4.53,-1.81,-0.14,0.48
2014-01-28,7.46,7.45,7.56,7.41,5472,4288933.0,1.98,-1.72,-0.13,0.34
2014-01-29,7.42,7.45,7.55,7.35,4373,3417941.0,2.68,0.0,0.0,0.27
2014-01-30,7.62,8.23,8.23,7.58,41507,34956297.0,8.72,10.47,0.78,2.59
2014-02-07,8.25,8.48,8.75,8.1,50779,44311335.0,7.9,3.04,0.25,3.17
2014-02-10,8.35,8.52,8.53,8.27,29868,26180591.0,3.07,0.47,0.04,1.87
2014-02-11,8.4,8.33,8.55,8.24,24069,21045592.0,3.64,-2.23,-0.19,1.5
2014-02-12,8.35,8.42,8.42,8.18,16436,14251266.0,2.88,1.08,0.09,1.03
2014-02-13,8.4,9.05,9.13,8.28,49710,44934704.0,10.1,7.48,0.63,3.1
2014-02-14,9.04,8.88,9.04,8.66,37998,34962850.0,4.2,-1.88,-0.17,2.37
2014-02-17,8.76,8.87,9.1,8.75,26898,24884671.0,3.94,-0.11,-0.01,1.68
2014-02-18,8.81,8.71,8.81,8.55,24029,21711170.0,2.93,-1.8,-0.16,1.5
2014-02-19,8.71,8.82,9.09,8.71,30434,28294954.0,4.36,1.26,0.11,1.9
2014-02-20,8.82,8.59,9.06,8.53,22207,19989522.0,6.01,-2.61,-0.23,1.39
2014-02-21,8.55,9.03,9.05,7.7,44248,40146727.0,15.72,5.12,0.44,2.76
2014-02-24,8.93,8.9,8.97,8.52,19696,18078422.0,4.98,-1.44,-0.13,1.23
2014-02-25,8.9,8.49,8.95,8.45,26094,23452290.0,5.62,-4.61,-0.41,1.63
2014-02-26,8.46,8.61,8.65,8.26,14140,12505687.0,4.59,1.41,0.12,0.88
2014-02-27,8.63,8.25,8.73,8.2,16708,14760311.0,6.16,-4.18,-0.36,1.04
2014-02-28,8.21,8.65,8.67,7.76,18982,16639477.0,11.03,4.85,0.4,1.19
2014-03-03,8.6,8.7,8.8,8.46,11755,10591011.0,3.93,0.58,0.05,0.73
2014-03-04,8.6,8.64,8.71,8.26,11181,9959878.0,5.17,-0.69,-0.06,0.7
2014-03-05,8.65,8.59,8.66,8.55,8941,7994035.0,1.27,-0.58,-0.05,0.56
2014-03-06,8.68,8.51,8.68,8.42,8981,7949087.0,3.03,-0.93,-0.08,0.56
2014-03-07,8.44,8.39,8.52,8.32,8400,7365135.0,2.35,-1.41,-0.12,0.52
2014-03-10,8.35,8.04,8.39,8.0,13141,11200014.0,4.65,-4.17,-0.35,0.82
2014-03-11,8.13,8.01,8.13,7.76,6789,5650046.0,4.6,-0.37,-0.03,0.42
2014-03-12,8.09,7.99,8.14,7.85,8709,7276457.0,3.62,-0.25,-0.02,0.54
2014-03-13,8.09,8.15,8.31,7.96,10054,8521501.0,4.38,2.0,0.16,0.63
2014-03-14,8.1,8.21,8.31,8.1,7691,6573586.0,2.58,0.74,0.06,0.48
2014-03-17,8.21,8.34,8.46,8.11,12084,10483944.0,4.26,1.58,0.13,0.75
2014-03-18,8.4,8.34,8.4,8.18,7205,6245039.0,2.64,0.0,0.0,0.45
2014-03-19,8.33,8.22,8.34,8.16,9511,8145192.0,2.16,-1.44,-0.12,0.59
2014-03-20,8.23,8.03,8.3,8.03,6880,5861151.0,3.28,-2.31,-0.19,0.43
2014-03-21,7.95,8.11,8.17,7.86,11132,9331009.0,3.86,1.0,0.08,0.7
2014-03-24,8.1,8.21,8.22,7.82,16349,13767699.0,4.93,1.23,0.1,1.02
2014-03-25,8.14,8.11,8.25,8.01,8794,7503553.0,2.92,-1.22,-0.1,0.55
2014-03-26,8.11,8.15,8.26,8.02,7128,6043369.0,2.96,0.49,0.04,0.45
2014-03-27,8.15,7.87,8.2,7.87,13965,11715241.0,4.05,-3.44,-0.28,0.87
2014-03-28,7.85,7.86,7.99,7.79,8472,6983470.0,2.54,-0.13,-0.01,0.53
2014-03-31,7.86,7.79,7.92,7.75,6994,5729058.0,2.16,-0.89,-0.07,0.44
2014-04-01,7.76,7.87,7.88,7.76,8386,6850920.0,1.54,1.03,0.08,0.52
2014-04-02,7.93,7.9,7.93,7.81,4059,3333122.0,1.52,0.38,0.03,0.25
2014-04-03,7.92,8.05,8.05,7.81,5977,4946855.0,3.04,1.9,0.15,0.37
2014-04-04,8.05,8.19,8.23,7.87,12837,10899807.0,4.47,1.74,0.14,0.8
2014-04-08,8.2,8.13,8.3,8.05,9693,8252801.0,3.05,-0.73,-0.06,0.61
2014-04-09,8.15,8.12,8.27,8.05,7588,6446097.0,2.71,-0.12,-0.01,0.47
2014-04-10,8.08,8.12,8.2,8.08,8477,7196477.0,1.48,0.0,0.0,0.53
2014-04-11,8.12,8.01,8.15,7.94,12075,10186175.0,2.59,-1.35,-0.11,0.75
2014-04-14,8.0,7.9,8.0,7.77,17111,14025061.0,2.87,-1.37,-0.11,1.07
2014-04-15,7.91,7.78,7.91,7.78,10360,8477557.0,1.65,-1.52,-0.12,0.65
2014-04-16,7.78,7.74,7.84,7.71,8420,6841895.0,1.67,-0.51,-0.04,0.53
2014-04-18,7.46,7.95,8.14,7.46,50808,41648803.0,8.79,2.71,0.21,3.17
2014-04-21,7.83,7.91,8.0,7.83,13673,11316854.0,2.14,-0.5,-0.04,0.85
2014-04-22,7.95,7.83,7.95,7.57,14786,12059058.0,4.8,-1.01,-0.08,0.92
2014-04-23,7.83,7.94,7.95,7.78,7985,6568476.0,2.17,1.4,0.11,0.5
2014-04-24,7.91,7.78,7.91,7.72,9727,7918832.0,2.39,-2.02,-0.16,0.61
2014-04-25,7.73,7.64,7.78,7.58,5911,4765440.0,2.57,-1.8,-0.14,0.37
2014-04-28,7.57,7.24,7.61,7.24,16335,12469389.0,4.84,-5.24,-0.4,1.02
2014-04-29,7.24,6.99,7.25,6.86,19118,13940300.0,5.39,-3.45,-0.25,1.19
2014-04-30,6.99,7.13,7.24,6.91,13907,10362905.0,4.72,2.0,0.14,0.87
2014-05-05,7.13,7.3,7.42,7.08,7536,5694222.0,4.77,2.38,0.17,0.47
2014-05-06,7.38,7.31,7.38,7.25,9519,7271500.0,1.78,0.14,0.01,0.59
2014-05-07,7.25,7.24,7.35,7.23,9644,7368690.0,1.64,-0.96,-0.07,0.6
2014-05-08,7.3,7.24,7.3,7.07,3395,2579795.0,3.18,0.0,0.0,0.21
2014-05-09,7.25,7.3,7.3,7.15,4510,3422007.0,2.07,0.83,0.06,0.28
2014-05-12,7.29,7.35,7.38,7.23,7143,5488015.0,2.05,0.68,0.05,0.45
2014-05-13,7.42,7.33,7.42,7.27,3660,2818016.0,2.04,-0.27,-0.02,0.23
2014-05-14,7.35,7.71,7.71,7.3,13410,10605527.0,5.59,5.18,0.38,0.84
2014-05-15,7.71,7.77,8.01,7.67,15540,12693812.0,4.41,0.78,0.06,0.97
2014-05-16,7.77,7.81,7.85,7.6,6216,5008148.0,3.22,0.51,0.04,0.39
2014-05-19,7.75,7.92,7.95,7.65,8246,6769371.0,3.84,1.41,0.11,0.51
2014-05-20,7.92,8.0,8.03,7.83,8024,6646016.0,2.53,1.01,0.08,0.5
2014-05-21,7.96,8.22,8.35,7.87,17343,14834281.0,6.0,2.75,0.22,1.08
2014-05-22,8.13,8.1,8.23,8.02,8888,7554236.0,2.55,-1.46,-0.12,0.56
2014-05-23,8.03,8.23,8.39,8.03,12963,11119721.0,4.44,1.6,0.13,0.81
2014-05-26,8.24,8.18,8.24,8.05,8837,7506296.0,2.31,-0.61,-0.05,0.55
2014-05-27,8.16,8.16,8.18,8.08,4989,4224514.0,1.22,-0.24,-0.02,0.31
2014-05-28,8.13,7.92,8.16,7.82,15515,12839454.0,4.17,-2.94,-0.24,0.97
2014-05-29,7.9,7.82,7.98,7.73,11109,9112009.0,3.16,-1.26,-0.1,0.69
2014-05-30,7.91,7.88,7.91,7.74,9451,7726526.0,2.17,0.77,0.06,0.59
2014-06-03,7.9,7.73,7.9,7.72,9944,8098612.0,2.28,-1.9,-0.15,0.62
2014-06-04,7.77,7.74,7.77,7.65,7720,6225882.0,1.55,0.13,0.01,0.48
2014-06-05,7.74,7.87,7.87,7.68,6496,5268143.0,2.45,1.68,0.13,0.41
2014-06-06,7.85,7.81,7.87,7.71,6211,5051660.0,2.03,-0.76,-0.06,0.39
2014-06-09,7.71,7.71,7.78,7.64,9081,7318872.0,1.79,-1.28,-0.1,0.57
2014-06-10,7.72,7.76,7.83,7.6,9949,8024361.0,2.98,0.65,0.05,0.62
2014-06-11,7.67,7.76,7.81,7.67,7547,6104482.0,1.8,0.0,0.0,0.47
2014-06-12,7.79,7.79,7.82,7.72,6852,5565946.0,1.29,0.39,0.03,0.43
2014-06-13,7.79,7.79,7.85,7.72,6288,5114857.0,1.67,0.0,0.0,0.39
2014-06-16,7.83,7.76,7.83,7.75,6633,5383727.0,1.03,-0.39,-0.03,0.41
2014-06-17,7.76,7.63,7.77,7.55,10504,8400394.0,2.84,-1.68,-0.13,0.66
2014-06-18,7.63,7.5,7.63,7.47,10508,8296622.0,2.1,-1.7,-0.13,0.66
2014-06-19,7.73,7.35,7.73,7.33,7474,5850913.0,5.33,-2.0,-0.15,0.47
2014-06-20,7.4,7.4,7.52,7.26,5043,3884242.0,3.54,0.68,0.05,0.31
2014-06-23,7.31,7.45,7.47,7.31,7865,6108614.0,2.16,0.68,0.05,0.49
2014-06-24,7.47,7.48,7.51,7.42,5830,4559253.0,1.21,0.4,0.03,0.36
2014-06-25,7.53,7.49,7.53,7.43,4761,3717719.0,1.34,0.13,0.01,0.3
2014-06-26,7.45,7.53,7.53,7.38,9901,7758961.0,2.0,0.53,0.04,0.62
2014-06-27,7.54,7.69,7.81,7.51,6765,5418881.0,3.98,2.12,0.16,0.42
2014-06-30,7.69,7.66,7.73,7.57,11683,9353143.0,2.08,-0.39,-0.03,0.73
2014-07-01,7.65,8.03,8.06,7.63,24018,19821657.0,5.61,4.83,0.37,1.5
2014-07-02,8.03,8.05,8.14,7.9,11488,9614157.0,2.99,0.25,0.02,0.72
2014-07-03,7.96,7.98,8.08,7.96,6540,5471295.0,1.49,-0.87,-0.07,0.41
2014-07-04,8.01,8.01,8.03,7.95,5295,4416466.0,1.0,0.38,0.03,0.33
2014-07-07,7.95,7.84,7.96,7.78,10242,8378690.0,2.25,-2.12,-0.17,0.64
2014-07-08,7.81,7.83,7.86,7.79,11972,9763212.0,0.89,-0.13,-0.01,0.75
2014-07-09,7.82,7.75,7.83,7.69,15417,12517765.0,1.79,-1.02,-0.08,0.96
2014-07-10,7.67,7.69,7.77,7.65,8612,6915282.0,1.55,-0.77,-0.06,0.54
2014-07-11,7.67,7.84,7.85,7.65,13245,10751765.0,2.6,1.95,0.15,0.83
2014-07-14,7.76,7.8,7.83,7.71,17029,13843603.0,1.53,-0.51,-0.04,1.06
2014-07-15,7.81,7.84,7.86,7.73,17025,13853098.0,1.67,0.51,0.04,1.06
2014-07-16,7.8,8.13,8.15,7.78,20592,17137917.0,4.72,3.7,0.29,1.29
2014-07-17,8.15,8.03,8.15,7.94,16816,14127969.0,2.58,-1.23,-0.1,1.05
2014-07-18,8.04,8.05,8.05,7.98,7927,6633584.0,0.87,0.25,0.02,0.5
2014-07-21,8.04,7.95,8.04,7.85,10325,8558421.0,2.36,-1.24,-0.1,0.64
2014-07-22,7.88,7.95,7.96,7.86,12336,10194772.0,1.26,0.0,0.0,0.77
2014-07-23,7.94,7.88,7.94,7.75,8047,6639344.0,2.39,-0.88,-0.07,0.5
2014-07-24,7.91,7.8,7.91,7.75,9646,7860837.0,2.03,-1.02,-0.08,0.6
2014-07-25,7.83,7.93,8.0,7.77,9507,7859063.0,2.95,1.67,0.13,0.59
2014-07-28,7.94,8.04,8.1,7.88,12675,10571641.0,2.77,1.39,0.11,0.79
2014-07-29,8.05,8.0,8.08,7.95,15100,12625014.0,1.62,-0.5,-0.04,0.94
2014-07-30,7.97,8.11,8.22,7.97,27304,23027636.0,3.13,1.38,0.11,1.71
2014-07-31,8.09,8.25,8.29,8.08,23903,20459485.0,2.59,1.73,0.14,1.49
2014-08-01,8.21,8.27,8.33,8.18,22669,19504560.0,1.82,0.24,0.02,1.42
2014-08-04,8.2,8.21,8.29,8.17,22193,19022980.0,1.45,-0.73,-0.06,1.39
2014-08-05,8.21,8.17,8.21,8.03,21606,18280809.0,2.19,-0.49,-0.04,1.35
2014-08-06,8.11,8.4,8.43,8.08,33277,28583519.0,4.28,2.82,0.23,2.08
2014-08-07,8.38,8.53,8.6,8.31,32162,28554666.0,3.45,1.55,0.13,2.01
2014-08-08,8.57,8.97,8.97,8.5,67727,62469767.0,5.51,5.16,0.44,4.23
2014-08-11,8.93,8.91,9.01,8.76,30576,28249629.0,2.79,-0.67,-0.06,1.91
2014-08-12,8.89,9.0,9.13,8.79,23489,21941356.0,3.82,1.01,0.09,1.47
2014-08-13,8.96,9.43,9.47,8.94,38863,37397680.0,5.89,4.78,0.43,2.43
2014-08-14,9.38,9.34,9.63,9.31,38587,37996944.0,3.39,-0.95,-0.09,2.41
2014-08-15,9.3,9.45,9.5,9.07,23112,22340152.0,4.6,1.18,0.11,1.44
2014-08-18,9.53,9.36,9.62,9.32,23370,22908713.0,3.17,-0.95,-0.09,1.46
2014-08-19,9.36,9.3,9.36,9.17,24159,23213680.0,2.03,-0.64,-0.06,1.51
2014-08-20,9.26,9.32,9.43,9.26,14043,13591686.0,1.83,0.22,0.02,0.88
2014-08-21,9.32,9.48,9.49,9.25,14867,14430666.0,2.58,1.72,0.16,0.93
2014-08-22,9.5,9.86,9.97,9.41,27142,27414142.0,5.91,4.01,0.38,1.7
2014-08-25,9.75,9.65,9.91,9.56,20642,20862363.0,3.55,-2.13,-0.21,1.29
2014-08-26,9.55,9.23,9.74,9.16,23933,23489229.0,6.01,-4.35,-0.42,1.49
2014-08-27,9.16,9.16,9.3,9.09,25014,23807582.0,2.28,-0.76,-0.07,1.56
2014-08-28,9.19,9.24,9.56,9.16,22975,22265462.0,4.37,0.87,0.08,1.43
2014-08-29,9.3,9.72,9.72,9.24,25251,25045181.0,5.19,5.19,0.48,1.58
2014-09-01,9.61,9.78,9.86,9.58,26303,26432823.0,2.88,0.62,0.06,1.64
2014-09-02,9.8,9.82,10.01,9.78,25749,26387302.0,2.35,0.41,0.04,1.61
2014-09-03,9.79,9.84,9.96,9.65,21308,21631527.0,3.16,0.2,0.02,1.33
2014-09-04,9.85,10.05,10.33,9.76,28105,29014399.0,5.79,2.13,0.21,1.76
2014-09-05,10.06,10.13,10.24,10.0,21593,22640699.0,2.39,0.8,0.08,1.35
2014-09-09,10.05,10.44,10.61,10.05,26872,28872772.0,5.53,3.06,0.31,1.68
2014-09-10,10.44,10.25,10.44,10.13,29336,31000464.0,2.97,-1.82,-0.19,1.83
2014-09-11,10.24,10.25,10.43,9.96,41150,43162027.0,4.59,0.0,0.0,2.57
2014-09-12,10.24,10.37,10.39,10.13,22857,24233765.0,2.54,1.17,0.12,1.43
2014-09-15,10.37,10.33,10.52,10.31,20606,22156076.0,2.03,-0.39,-0.04,1.29
2014-09-16,10.3,9.93,10.53,9.93,34145,36128987.0,5.81,-3.87,-0.4,2.13
2014-09-17,9.93,10.1,10.16,9.78,37138,38300584.0,3.83,1.71,0.17,2.32
2014-09-18,9.97,10.4,10.48,9.96,27450,29018506.0,5.15,2.97,0.3,1.71
2014-09-19,10.43,10.5,10.54,10.23,36331,38986676.0,2.98,0.96,0.1,2.27
2014-09-22,10.45,10.15,10.45,10.06,22367,23659384.0,3.71,-3.33,-0.35,1.4
2014-09-23,10.15,10.19,10.33,10.09,13750,14505467.0,2.36,0.39,0.04,0.86
2014-09-24,10.22,10.23,10.37,10.05,36286,38363354.0,3.14,0.39,0.04,2.27
2014-09-25,10.15,10.11,10.31,10.09,23457,24728852.0,2.15,-1.17,-0.12,1.46
2014-09-26,10.09,10.12,10.15,9.95,22337,23237685.0,1.98,0.1,0.01,1.4
2014-09-29,10.14,10.64,10.64,10.14,49395,53641344.0,4.94,5.14,0.52,3.08
2014-09-30,10.75,10.67,11.0,10.59,36561,40565724.0,3.85,0.28,0.03,2.28
2014-10-08,10.7,10.46,10.76,10.25,52111,56264044.0,4.78,-1.97,-0.21,3.25
2014-10-09,10.45,10.6,10.65,10.32,44549,48269637.0,3.15,1.34,0.14,2.78
2014-10-10,10.55,11.1,11.15,10.48,100865,114851685.0,6.32,4.72,0.5,6.3
2014-10-13,11.04,11.24,11.25,10.72,42264,47975636.0,4.77,1.26,0.14,2.64
2014-10-14,11.01,10.66,11.29,10.66,88037,99314790.0,5.6,-5.16,-0.58,5.5
2014-10-15,10.53,10.2,10.6,10.11,99229,105073132.0,4.6,-4.32,-0.46,6.2
2014-10-16,10.11,10.02,10.37,10.01,50663,53503257.0,3.53,-1.76,-0.18,3.16
2014-10-17,9.98,9.7,10.0,9.5,58447,58545092.0,4.99,-3.19,-0.32,3.65
2014-10-20,9.74,9.95,10.14,9.58,33068,33622245.0,5.77,2.58,0.25,2.07
2014-10-21,9.93,9.94,10.26,9.84,23997,24766929.0,4.22,-0.1,-0.01,1.5
2014-10-22,9.93,9.69,10.02,9.66,27674,28100492.0,3.62,-2.52,-0.25,1.73
2014-10-23,9.65,9.42,9.72,9.33,30479,30091558.0,4.02,-2.79,-0.27,1.9
2014-10-24,9.43,9.23,9.49,9.17,21175,20520453.0,3.4,-2.02,-0.19,1.32
2014-10-27,9.25,9.23,9.33,9.15,24077,23091484.0,1.95,0.0,0.0,1.5
2014-10-28,9.27,9.47,9.49,9.26,34560,33727831.0,2.49,2.6,0.24,2.16
2014-10-29,9.5,9.62,9.68,9.5,33588,33414698.0,1.9,1.58,0.15,2.1
2014-10-30,9.65,9.59,9.7,9.52,32141,32038500.0,1.87,-0.31,-0.03,2.01
2014-10-31,9.62,9.41,9.65,9.32,37550,36847223.0,3.44,-1.88,-0.18,2.35
2014-11-03,9.51,9.9,9.9,9.51,68369,69511783.0,4.14,5.21,0.49,4.27
2014-11-04,9.9,10.15,10.17,9.85,70387,72993735.0,3.23,2.53,0.25,4.4
2014-11-05,10.1,10.15,10.3,9.96,43439,45713258.0,3.35,0.0,0.0,2.71
2014-11-06,10.3,10.36,10.39,10.1,47776,50827931.0,2.86,2.07,0.21,2.98
2014-11-07,10.3,10.16,10.49,10.11,41255,43887723.0,3.67,-1.93,-0.2,2.58
2014-11-10,10.16,9.9,10.18,9.8,46163,47282682.0,3.74,-2.56,-0.26,2.88
2014-11-11,9.85,9.51,9.85,9.39,66861,65685059.0,4.65,-3.94,-0.39,4.18
2014-11-12,9.42,9.58,9.59,9.25,29324,28697389.0,3.58,0.74,0.07,1.83
2014-11-13,9.53,9.42,9.6,9.37,21762,21290200.0,2.4,-1.67,-0.16,1.36
2014-11-14,9.35,9.62,9.77,9.28,23454,23296912.0,5.2,2.12,0.2,1.46
2014-11-17,9.55,9.58,9.75,9.5,24183,24119918.0,2.6,-0.42,-0.04,1.51
2014-11-18,9.58,9.65,9.7,9.52,18167,18062371.0,1.88,0.73,0.07,1.13
2014-11-19,9.6,9.69,9.7,9.57,21649,21674294.0,1.35,0.41,0.04,1.35
2014-11-20,9.55,9.48,9.59,9.4,29077,28545812.0,1.96,-2.17,-0.21,1.82
2014-11-21,9.43,9.67,9.7,9.41,34867,34660613.0,3.06,2.0,0.19,2.18
2014-11-24,9.7,9.65,9.77,9.53,45028,45007741.0,2.48,-0.21,-0.02,2.81
2014-11-25,9.61,9.67,9.72,9.51,35231,35174662.0,2.18,0.21,0.02,2.2
2014-11-26,9.66,9.75,9.83,9.63,31808,31980517.0,2.07,0.83,0.08,1.99
2014-11-27,9.79,10.07,10.26,9.73,71707,74923262.0,5.44,3.28,0.32,4.48
2014-11-28,10.09,10.19,10.45,10.0,59323,62702177.0,4.47,1.19,0.12,3.7
2014-12-01,10.15,9.66,10.15,9.66,55701,56694571.0,4.81,-5.2,-0.53,3.48
2014-12-02,9.58,9.71,9.79,9.55,37125,37353242.0,2.48,0.52,0.05,2.32
2014-12-03,9.65,9.59,9.73,9.46,50150,49740276.0,2.78,-1.24,-0.12,3.13
2014-12-04,9.61,9.67,9.83,9.55,52389,52523631.0,2.92,0.83,0.08,3.27
2014-12-05,9.6,9.34,9.67,9.17,61895,60219834.0,5.17,-3.41,-0.33,3.87
2014-12-08,9.17,9.1,9.28,9.03,47218,44896961.0,2.68,-2.57,-0.24,2.95
2014-12-09,9.04,8.63,9.04,8.63,63127,57015797.0,4.51,-5.16,-0.47,3.94
2014-12-10,8.52,8.74,8.77,8.23,44370,39420790.0,6.26,1.27,0.11,2.77
2014-12-11,8.65,8.87,8.97,8.54,38147,34899729.0,4.92,1.49,0.13,2.38
2014-12-12,8.87,8.95,9.01,8.8,19112,17702584.0,2.37,0.9,0.08,1.19
2014-12-15,8.92,9.02,9.08,8.66,35357,32797337.0,4.69,0.78,0.07,2.21
2014-12-16,9.02,8.91,9.04,8.82,25342,23499937.0,2.44,-1.22,-0.11,1.58
2014-12-17,8.91,8.81,8.95,8.67,28401,26002581.0,3.14,-1.12,-0.1,1.77
2014-12-18,8.78,8.76,8.98,8.73,19425,17900587.0,2.84,-0.57,-0.05,1.21
2014-12-19,8.76,8.85,8.85,8.71,28430,25916511.0,1.6,1.03,0.09,1.78
2014-12-22,8.88,8.42,9.08,8.39,49086,44300149.0,7.8,-4.86,-0.43,3.07
2014-12-23,8.4,8.45,8.62,8.35,13962,12351912.0,3.21,0.36,0.03,0.87
2014-12-24,8.46,8.75,8.77,8.46,20401,18421780.0,3.67,3.55,0.3,1.27
2014-12-25,8.77,8.87,8.97,8.73,19145,17671720.0,2.74,1.37,0.12,1.2
2014-12-26,8.83,8.96,9.01,8.76,17803,16491045.0,2.82,1.01,0.09,1.11
2014-12-29,8.88,8.78,8.94,8.63,26460,24048931.0,3.46,-2.01,-0.18,1.65
2014-12-30,8.71,8.73,8.86,8.67,26210,23852494.0,2.16,-0.57,-0.05,1.64
2015-01-20,8.95,9.18,9.18,8.9,22598,21249389.0,3.21,5.15,0.45,1.41
2015-01-21,9.66,9.66,9.66,9.66,5761,5766290.0,0.0,5.23,0.48,0.36
2015-01-22,10.1,9.89,10.1,9.73,124158,127832449.0,3.83,2.38,0.23,7.75
2015-01-23,9.83,10.4,10.4,9.83,86614,92538484.0,5.76,5.16,0.51,5.41
2015-01-26,10.55,10.8,10.94,10.42,91406,101471279.0,5.0,3.85,0.4,5.71
2015-01-27,10.87,10.81,11.05,10.7,59866,66972400.0,3.24,0.09,0.01,3.74
2015-01-28,10.8,11.08,11.35,10.55,73578,83479292.0,7.4,2.5,0.27,4.6
2015-01-29,11.01,10.97,11.3,10.9,38049,43459994.0,3.61,-0.99,-0.11,2.38
2015-01-30,10.9,10.79,11.05,10.65,44689,49830385.0,3.65,-1.64,-0.18,2.79
2015-02-02,10.65,10.77,11.0,10.57,31793,35517524.0,3.99,-0.19,-0.02,1.99
2015-02-03,10.76,10.94,11.04,10.7,37290,41834166.0,3.16,1.58,0.17,2.33
2015-02-04,10.94,11.37,11.45,10.81,61357,71004587.0,5.85,3.93,0.43,3.83
2015-02-05,11.29,11.82,11.94,11.29,59190,71697988.0,5.72,3.96,0.45,3.7
2015-02-06,11.75,11.39,11.8,11.35,36571,43326023.0,3.81,-3.64,-0.43,2.28
2015-02-09,11.34,10.93,11.34,10.85,32759,37241449.0,4.3,-4.04,-0.46,2.05
2015-02-10,10.91,10.96,11.04,10.83,21453,24208118.0,1.92,0.27,0.03,1.34
2015-02-11,11.14,10.85,11.24,10.81,27741,31208129.0,3.92,-1.0,-0.11,1.73
2015-02-12,10.8,11.2,11.33,10.75,36620,42142484.0,5.35,3.23,0.35,2.29
2015-02-13,11.24,11.47,11.63,11.24,35210,41622917.0,3.48,2.41,0.27,2.2
2015-02-16,11.48,12.02,12.06,11.34,43206,52986868.0,6.28,4.8,0.55,2.7
2015-02-17,12.11,12.33,12.57,12.11,39737,50224650.0,3.83,2.58,0.31,2.48
2015-02-25,12.33,12.66,12.78,12.17,42931,55542686.0,4.95,2.68,0.33,2.68
2015-02-26,12.65,12.59,12.65,12.38,27547,35381299.0,2.13,-0.55,-0.07,1.72
2015-02-27,12.63,12.64,12.74,12.51,24227,31377522.0,1.83,0.4,0.05,1.51
2015-03-02,12.52,12.46,12.64,12.36,36942,47318597.0,2.22,-1.42,-0.18,2.31
2015-03-03,12.41,12.5,12.87,12.35,44920,58333827.0,4.17,0.32,0.04,2.81
2015-03-04,12.49,12.84,12.94,12.44,40296,52402530.0,4.0,2.72,0.34,2.52
2015-03-05,12.8,12.94,13.04,12.65,25870,34125746.0,3.04,0.78,0.1,1.62
2015-03-06,12.94,13.6,13.6,12.94,20152,27820287.0,5.1,5.1,0.66,1.26
2015-03-09,14.23,13.93,14.23,13.65,49421,70568992.0,4.26,2.43,0.33,3.09
2015-03-10,13.73,13.73,13.97,13.65,27336,38552786.0,2.3,-1.44,-0.2,1.71
2015-03-11,13.73,13.76,14.25,13.65,23826,34013498.0,4.37,0.22,0.03,1.49
2015-03-12,13.78,13.56,14.12,13.43,39600,55767638.0,5.01,-1.45,-0.2,2.47
2015-03-13,13.5,13.72,13.8,13.45,26756,37368008.0,2.58,1.18,0.16,1.67
2015-03-16,13.72,13.87,13.97,13.72,36019,51132655.0,1.82,1.09,0.15,2.25
2015-03-17,13.87,14.53,14.53,13.71,55315,79945941.0,5.91,4.76,0.66,3.45
2015-03-18,14.45,14.54,15.23,14.34,56319,84566449.0,6.13,0.07,0.01,3.52
2015-03-19,14.31,14.87,15.0,14.0,76632,114243826.0,6.88,2.27,0.33,4.79
2015-03-20,14.93,14.88,15.0,14.66,35795,54230495.0,2.29,0.07,0.01,2.24
2015-03-23,14.9,14.98,15.04,14.75,58770,89383084.0,1.95,0.67,0.1,3.67
2015-03-24,14.98,14.61,14.99,14.21,81506,121130236.0,5.21,-2.47,-0.37,5.09
2015-03-25,14.61,14.25,14.61,14.18,63498,93192516.0,2.94,-2.46,-0.36,3.97
2015-03-26,14.25,14.98,14.98,13.97,80292,120938286.0,7.09,5.12,0.73,5.01
2015-03-30,15.03,14.86,15.45,14.27,121515,184962025.0,7.88,-0.8,-0.12,7.59
2015-03-31,14.85,15.01,15.01,14.46,68446,102821726.0,3.7,1.01,0.15,4.27
2015-04-01,15.01,16.19,16.39,15.01,87901,141160482.0,9.19,7.86,1.18,5.49
2015-04-02,16.3,16.73,17.08,15.91,68467,113827852.0,7.23,3.34,0.54,4.28
2015-04-03,16.35,16.95,17.29,16.35,64561,110940408.0,5.62,1.32,0.22,4.03
2015-04-07,16.65,16.6,16.85,16.35,62140,105410573.0,2.95,-2.06,-0.35,3.88
2015-04-08,16.6,16.43,16.7,16.06,77716,129789185.0,3.86,-1.02,-0.17,4.85
2015-04-09,16.18,16.85,16.92,15.36,64585,106485593.0,9.49,2.56,0.42,4.03
2015-04-10,16.84,17.2,17.4,16.45,51939,90627304.0,5.64,2.08,0.35,3.24
2015-04-13,17.1,17.05,17.43,16.91,45691,79844886.0,3.02,-0.87,-0.15,2.85
2015-04-14,17.23,16.79,17.23,16.48,43335,74596370.0,4.4,-1.52,-0.26,2.71
2015-04-15,16.79,15.95,16.79,15.94,44851,74413127.0,5.06,-5.0,-0.84,2.8
2015-04-16,15.95,16.03,16.55,15.69,51567,84387415.0,5.39,0.5,0.08,3.22
2015-04-17,15.95,16.12,17.0,15.95,56351,94155295.0,6.55,0.56,0.09,3.52
2015-04-20,16.14,16.3,16.65,15.95,66754,111632802.0,4.34,1.12,0.18,4.17
2015-04-21,16.4,17.97,17.97,16.15,92997,164055489.0,11.17,10.25,1.67,5.81
2015-04-22,18.5,18.93,19.8,18.17,134898,262995402.0,9.07,5.34,0.96,8.42
2015-04-23,18.95,20.15,20.63,18.57,114993,229937209.0,10.88,6.44,1.22,7.18
2015-04-24,19.2,20.35,20.87,19.15,113097,232840614.0,8.54,0.99,0.2,7.06
2015-04-27,20.65,20.38,20.85,19.98,81020,168501849.0,4.28,0.15,0.03,5.06
2015-04-28,20.35,19.33,20.35,18.65,77857,154399658.0,8.34,-5.15,-1.05,4.86
2015-04-29,19.23,19.5,19.95,18.78,65777,128881317.0,6.05,0.88,0.17,4.11
2015-04-30,19.52,18.95,19.95,18.84,63585,125404770.0,5.69,-2.82,-0.55,3.97
2015-05-04,18.95,18.49,19.13,18.0,53907,101206965.0,5.96,-2.43,-0.46,3.37
2015-05-05,18.45,18.52,18.63,17.84,61580,114510466.0,4.27,0.16,0.03,3.85
2015-05-06,18.52,18.3,19.32,18.25,57766,110614963.0,5.78,-1.19,-0.22,3.61
2015-05-07,18.31,17.51,18.58,17.3,50955,91739663.0,6.99,-4.32,-0.79,3.18
2015-05-08,17.65,18.65,18.65,17.61,56273,103740723.0,5.94,6.51,1.14,3.02
2015-05-11,18.63,19.18,19.25,18.11,83879,159806566.0,6.11,2.84,0.53,4.5
2015-05-12,19.35,20.65,20.86,19.33,138579,285334928.0,7.98,7.66,1.47,7.43
2015-05-13,20.55,20.56,21.11,20.0,85681,178917081.0,5.38,-0.44,-0.09,4.6
2015-05-14,20.45,19.89,20.64,19.45,60023,122169077.0,5.79,-3.26,-0.67,3.22
2015-05-15,20.14,20.97,21.31,19.2,88608,181866620.0,10.61,5.43,1.08,4.75
2015-05-18,20.65,21.21,21.6,20.15,65561,139768189.0,6.91,1.14,0.24,3.52
2015-05-19,21.15,21.4,22.15,20.75,60744,133105081.0,6.6,0.9,0.19,3.26
2015-05-20,21.4,21.13,21.55,20.98,70151,151272966.0,2.66,-1.26,-0.27,3.76
2015-05-21,21.05,23.28,23.28,20.82,102709,227261701.0,11.64,10.18,2.15,5.51
2015-05-22,23.55,23.71,25.44,23.11,145018,353910656.0,10.01,1.85,0.43,7.78
2015-05-25,23.0,25.34,26.05,22.41,140849,346470208.0,15.35,6.87,1.63,7.55
2015-05-26,25.13,25.65,26.15,24.9,73782,190643594.0,4.93,1.22,0.31,3.96
2015-05-27,25.65,24.67,25.85,24.45,98048,247710379.0,5.46,-3.82,-0.98,5.26
2015-05-28,24.12,22.17,24.46,22.17,107477,257700482.0,9.28,-10.13,-2.5,5.76
2015-05-29,21.65,22.21,23.14,20.0,90773,204059683.0,14.16,0.18,0.04,4.87
2015-06-01,22.21,23.5,23.63,22.15,82823,194551465.0,6.66,5.81,1.29,4.44
2015-06-02,23.44,24.2,24.53,23.05,101205,243026884.0,6.3,2.98,0.7,5.43
2015-06-03,23.75,24.28,24.98,23.4,94048,228406539.0,6.53,0.33,0.08,5.04
2015-06-04,24.43,25.19,25.55,23.25,130097,326487424.0,9.47,3.75,0.91,6.98
2015-06-05,25.91,25.4,26.15,24.66,115075,295734864.0,5.92,0.83,0.21,6.17
2015-06-08,25.16,25.34,25.6,24.73,83730,214203325.0,3.43,-0.24,-0.06,4.49
2015-06-09,25.25,24.37,25.31,24.06,83287,207410077.0,4.93,-3.83,-0.97,4.47
2015-06-10,24.2,26.84,26.84,23.45,151336,393375376.0,13.91,10.14,2.47,8.12
2015-06-11,26.79,27.7,28.45,26.0,118157,327034976.0,9.13,3.2,0.86,6.34
2015-06-12,27.45,27.8,28.13,27.15,82810,232439185.0,3.54,0.36,0.1,4.44
2015-06-15,27.66,26.35,28.0,26.15,79488,218393766.0,6.65,-5.22,-1.45,4.26
2015-06-16,25.74,24.58,26.11,24.05,77720,196155917.0,7.82,-6.72,-1.77,4.17
2015-06-17,24.57,25.11,25.25,22.72,66215,163137200.0,10.29,2.16,0.53,3.55
2015-06-18,25.05,23.95,25.65,23.76,52827,132703902.0,7.53,-4.62,-1.16,2.83
2015-06-19,23.25,21.65,23.45,21.55,61822,141240491.0,7.93,-9.6,-2.3,3.32
2015-06-23,21.6,21.27,22.04,19.46,64717,136694453.0,11.92,-1.76,-0.38,3.47
2015-06-24,21.65,23.21,23.43,21.45,78546,176995404.0,9.31,9.12,1.94,4.21
2015-06-25,23.11,22.04,23.57,21.53,63324,147137793.0,8.79,-5.04,-1.17,3.4
2015-06-26,21.28,19.8,21.35,19.8,56657,116831407.0,7.03,-10.16,-2.24,3.04
2015-06-29,20.25,17.79,20.45,17.79,96055,179758445.0,13.43,-10.15,-2.01,5.15
2015-06-30,17.16,18.27,18.65,15.98,112089,194237006.0,15.01,2.7,0.48,6.01
2015-07-01,17.65,16.45,18.94,16.41,95923,175608274.0,13.85,-9.96,-1.82,5.14
2015-07-02,16.16,14.77,16.55,14.77,81182,126457237.0,10.82,-10.21,-1.68,4.35
2015-07-03,13.36,13.26,14.96,13.26,124532,174347384.0,11.51,-10.22,-1.51,6.68
2015-07-06,14.62,11.9,14.62,11.9,94811,127138751.0,20.51,-10.26,-1.36,5.09
2015-07-07,10.68,10.68,10.68,10.68,11089,12231167.0,0.0,-10.25,-1.22,0.59
2015-07-08,9.58,9.58,9.58,9.58,1817,1804281.0,0.0,-10.3,-1.1,0.1
2015-07-09,8.59,10.57,10.57,8.59,195763,192023931.0,20.67,10.33,0.99,10.5
2015-07-10,11.1,11.66,11.66,11.0,59449,70497585.0,6.24,10.31,1.09,3.19
2015-07-13,12.44,12.86,12.86,12.28,121037,158464630.0,4.97,10.29,1.2,6.49
2015-07-14,13.52,14.18,14.18,13.05,202892,291984544.0,8.79,10.26,1.32,10.88
2015-07-15,13.65,12.73,14.01,12.73,188706,252465726.0,9.03,-10.23,-1.45,10.12
2015-07-16,11.42,13.71,14.04,11.42,173936,228271553.0,20.58,7.7,0.98,9.33
2015-07-17,13.63,15.12,15.12,13.15,87937,130589478.0,14.37,10.28,1.41,4.72
2015-07-20,15.53,15.56,16.45,14.45,108288,172505650.0,13.23,2.91,0.44,5.81
2015-07-21,15.83,15.46,15.83,14.95,81279,128070156.0,5.66,-0.64,-0.1,4.36
2015-07-22,15.19,15.21,15.63,14.85,75373,117402876.0,5.05,-1.62,-0.25,4.04
2015-07-23,15.21,15.96,16.77,14.84,116144,192034243.0,12.69,4.93,0.75,6.23
2015-07-24,15.69,15.4,16.27,14.98,89926,144642630.0,8.08,-3.51,-0.56,4.82
2015-07-27,14.9,13.83,15.54,13.83,112506,167370810.0,11.1,-10.19,-1.57,6.03
2015-07-28,12.65,12.97,14.15,12.41,118977,157837731.0,12.58,-6.22,-0.86,6.38
2015-07-29,13.45,13.71,13.72,12.53,102885,138251785.0,9.18,5.71,0.74,5.52
2015-07-30,13.54,13.16,14.08,13.1,91818,129412980.0,7.15,-4.01,-0.55,4.92
2015-07-31,12.83,13.26,13.63,12.69,78732,106060659.0,7.14,0.76,0.1,4.22
2015-08-03,12.9,11.9,13.08,11.9,100027,125448129.0,8.9,-10.26,-1.36,5.37
2015-08-04,11.93,12.9,12.92,11.93,67680,86756110.0,8.32,8.4,1.0,3.63
2015-08-05,12.83,12.75,13.35,12.6,61301,81275091.0,5.81,-1.16,-0.15,3.29
2015-08-06,12.35,13.11,13.22,12.25,86463,115161685.0,7.61,2.82,0.36,4.64
2015-08-07,13.19,14.09,14.21,13.19,122378,173796587.0,7.78,7.48,0.98,6.56
2015-08-10,14.33,15.5,15.53,14.17,120405,184153651.0,9.65,10.01,1.41,6.46
2015-08-11,15.33,15.7,16.43,15.05,137283,221528098.0,8.9,1.29,0.2,7.36
2015-08-12,15.69,15.64,16.3,15.35,116882,188080173.0,6.05,-0.38,-0.06,6.27
2015-08-13,15.51,15.87,15.95,15.24,87144,139582633.0,4.54,1.47,0.23,4.67
2015-08-14,15.88,16.42,16.75,15.85,98651,163864047.0,5.67,3.47,0.55,5.29
2015-08-17,16.15,17.94,18.08,15.86,117442,201177553.0,13.52,9.26,1.52,6.3
2015-08-18,17.75,16.11,18.52,16.11,196488,336058768.0,13.43,-10.2,-1.83,10.54
2015-08-19,15.63,16.0,16.43,14.46,131707,205159604.0,12.23,-0.68,-0.11,7.06
2015-08-20,15.64,15.91,16.85,15.3,103920,171169815.0,9.69,-0.56,-0.09,5.57
2015-08-21,15.16,15.97,16.38,15.07,94796,152288732.0,8.23,0.38,0.06,5.08
2015-08-24,14.34,14.34,15.25,14.34,83429,124572684.0,5.7,-10.21,-1.63,4.47
2015-08-25,12.87,12.87,13.14,12.87,87571,115795248.0,1.88,-10.25,-1.47,4.7
2015-08-26,12.2,12.53,13.38,11.55,128604,162960047.0,14.22,-2.64,-0.34,6.9
2015-08-27,12.77,13.15,13.15,12.13,87477,113723250.0,8.14,4.95,0.62,4.69
2015-08-28,13.43,14.19,14.25,13.07,72033,101236390.0,8.97,7.91,1.04,3.86
2015-08-31,13.91,14.35,14.68,13.46,69802,101473750.0,8.6,1.13,0.16,3.74
2015-09-01,14.25,12.88,14.33,12.88,45351,63101576.0,10.1,-10.24,-1.47,2.43
2015-09-02,11.77,12.3,13.52,11.61,49290,63588213.0,14.83,-4.5,-0.58,2.64
2015-09-07,12.35,13.23,13.5,12.35,45985,61522766.0,9.35,7.56,0.93,2.47
2015-12-22,14.59,14.59,14.59,14.59,50,74700.0,0.0,10.28,1.36,0.0
2015-12-23,16.08,16.08,16.08,16.08,943,1549365.0,0.0,10.21,1.49,0.05
2015-12-24,17.72,17.72,17.72,17.72,356,643960.0,0.0,10.2,1.64,0.02
2015-12-25,19.53,19.53,19.53,19.53,1110,2206739.0,0.0,10.21,1.81,0.06
2015-12-28,21.52,21.52,21.52,21.52,44611,97564431.0,0.0,10.19,1.99,2.39
2015-12-29,23.71,23.71,23.71,22.61,170409,409585488.0,5.11,10.18,2.19,9.14
2015-12-30,26.03,26.12,26.12,25.16,87218,229965179.0,4.05,10.16,2.41,4.68
2015-12-31,28.77,28.77,28.77,28.77,9879,28767444.0,0.0,10.15,2.65,0.53
2016-01-04,30.65,26.26,31.39,25.86,306849,867472528.0,19.22,-8.72,-2.51,16.46
2016-01-05,26.15,27.65,28.4,25.33,291795,797225280.0,11.69,5.29,1.39,15.65
2016-01-06,27.09,27.25,27.64,25.93,181029,491124368.0,6.18,-1.45,-0.4,9.71
2016-01-07,26.5,24.49,26.55,24.49,38877,99911585.0,7.56,-10.13,-2.76,2.09
2016-01-08,24.45,23.16,24.73,22.01,157542,372683568.0,11.11,-5.43,-1.33,8.45
2016-01-11,22.05,22.0,23.85,21.46,106773,244663409.0,10.32,-5.01,-1.16,5.73
2016-01-12,22.15,24.24,24.24,22.15,123174,298960688.0,9.5,10.18,2.24,6.61
2016-01-13,24.89,23.0,25.21,22.65,123317,301026336.0,10.56,-5.12,-1.24,6.61
2016-01-14,21.15,25.34,25.34,20.88,138731,336182864.0,19.39,10.17,2.34,7.44
2016-01-15,25.45,26.92,27.19,25.41,156045,419177376.0,7.02,6.24,1.58,8.37
2016-01-18,25.86,27.53,28.52,25.86,128260,353616624.0,9.88,2.27,0.61,6.88
2016-01-19,27.34,30.06,30.32,26.45,142500,408732272.0,14.06,9.19,2.53,7.64
2016-01-20,29.53,29.72,30.9,28.2,137798,412790640.0,8.98,-1.13,-0.34,7.39
2016-01-21,28.75,26.71,29.15,26.71,117466,329600320.0,8.21,-10.13,-3.01,6.3
2016-01-22,26.65,26.14,27.0,24.57,116540,305552544.0,9.1,-2.13,-0.57,6.25
2016-01-25,26.17,26.2,27.25,25.45,77602,207161009.0,6.89,0.23,0.06,4.16
2016-01-26,25.36,23.55,25.44,23.55,67415,166533694.0,7.21,-10.11,-2.65,3.62
2016-01-27,22.95,21.16,23.35,21.16,100052,219540427.0,9.3,-10.15,-2.39,5.37
2016-01-28,20.25,19.01,20.8,19.01,84435,170230953.0,8.46,-10.16,-2.15,4.53
2016-01-29,18.43,20.95,20.95,18.25,98789,204943919.0,14.2,10.21,1.94,5.3
2016-02-01,20.88,21.12,22.27,20.46,111584,243541278.0,8.64,0.81,0.17,5.98
2016-02-02,20.95,22.6,23.12,20.95,92121,205392936.0,10.27,7.01,1.48,4.94
2016-02-03,21.96,22.59,23.38,21.45,73782,167837146.0,8.54,-0.04,-0.01,3.96
2016-02-04,22.35,23.47,23.55,22.33,71771,167514344.0,5.4,3.9,0.88,3.85
2016-02-05,23.35,22.32,23.85,22.26,44478,103153725.0,6.77,-4.9,-1.15,2.39
2016-02-15,21.36,22.23,22.5,20.33,41252,89725996.0,9.72,-0.4,-0.09,2.21
2016-02-16,22.23,22.68,23.32,22.05,46677,108079618.0,5.71,2.02,0.45,2.5
2016-02-17,22.64,24.65,24.98,22.35,102581,255001984.0,11.6,8.69,1.97,5.5
2016-02-18,24.31,24.53,25.45,23.85,89175,223730331.0,6.49,-0.49,-0.12,4.78
2016-02-19,24.25,24.73,25.5,23.86,49350,124766076.0,6.69,0.82,0.2,2.65
2016-02-22,24.84,25.6,26.11,24.8,61676,160460383.0,5.3,3.52,0.87,3.31
2016-02-23,25.68,25.95,26.98,25.4,79614,211524179.0,6.17,1.37,0.35,4.27
2016-02-24,25.36,25.01,26.22,24.65,67977,174001575.0,6.05,-3.62,-0.94,3.65
2016-02-25,24.74,22.47,24.85,22.47,60632,143237655.0,9.52,-10.16,-2.54,3.25
2016-02-26,22.45,20.83,22.8,20.28,79087,170838070.0,11.21,-7.3,-1.64,4.24
2016-02-29,20.84,18.71,20.84,18.71,52316,101783799.0,10.23,-10.18,-2.12,2.81
2016-03-01,19.05,19.94,20.03,17.77,60155,115971607.0,12.08,6.57,1.23,3.23
2016-03-02,19.57,21.96,21.97,19.43,71325,153561933.0,12.74,10.13,2.02,3.83
2016-03-03,21.73,21.25,22.31,21.23,57707,127589277.0,4.92,-3.23,-0.71,3.1
2016-03-04,21.44,20.05,22.25,19.71,64593,137870711.0,11.95,-5.65,-1.2,3.46
2016-03-07,20.15,21.03,21.35,20.05,53593,112696619.0,6.48,4.89,0.98,2.87
2016-03-08,21.06,23.17,23.17,20.45,114595,257396413.0,12.93,10.18,2.14,6.15
2016-03-09,23.07,24.24,24.73,22.65,105897,259067539.0,8.98,4.62,1.07,5.68
2016-03-10,23.66,23.68,24.52,23.56,44790,108916623.0,3.96,-2.31,-0.56,2.4
2016-03-11,23.55,22.84,23.55,21.98,45887,106013849.0,6.63,-3.55,-0.84,2.46
2016-03-14,23.18,25.16,25.16,23.18,66682,168827556.0,8.67,10.16,2.32,3.58
2016-03-15,26.45,24.98,26.71,24.95,123263,322262112.0,7.0,-0.72,-0.18,6.61
2016-03-16,25.75,24.7,25.75,23.93,62312,155673692.0,7.29,-1.12,-0.28,3.34
2016-03-17,24.75,25.75,27.02,24.34,76056,196923824.0,10.85,4.25,1.05,4.08
2016-03-18,25.6,27.37,27.85,25.6,100822,269995424.0,8.74,6.29,1.62,5.41
2016-03-21,27.35,27.39,28.15,26.27,87015,236702577.0,6.87,0.07,0.02,4.67
2016-03-22,26.67,26.13,26.92,25.95,77816,208523936.0,3.54,-4.6,-1.26,4.17
2016-03-23,25.7,26.33,27.04,25.65,63210,169765987.0,5.32,0.77,0.2,3.39
2016-03-24,26.07,25.65,26.64,25.13,52183,135463481.0,5.73,-2.58,-0.68,2.8
2016-03-25,25.69,26.1,26.63,25.65,46081,121998398.0,3.82,1.75,0.45,2.47
2016-03-28,25.8,26.35,28.13,25.76,64155,174271587.0,9.08,0.96,0.25,3.44
2016-03-29,25.96,26.76,27.85,25.78,74481,201622622.0,7.86,1.56,0.41,3.99
2016-03-30,27.27,28.69,29.14,27.25,105710,302099488.0,7.06,7.21,1.93,5.67
2016-03-31,28.74,31.2,31.55,27.87,120981,356496384.0,12.83,8.75,2.51,6.49
2016-04-01,31.35,29.52,31.35,29.35,97192,295826992.0,6.41,-5.38,-1.68,5.21
2016-04-05,29.53,30.9,31.42,29.18,67189,204108593.0,7.59,4.67,1.38,3.6
2016-04-06,30.65,30.15,31.35,29.51,70290,214193123.0,5.95,-2.43,-0.75,3.77
2016-04-07,30.64,28.35,30.64,27.85,64193,189381187.0,9.25,-5.97,-1.8,3.44
2016-04-08,28.43,28.24,29.11,27.55,63441,180496901.0,5.5,-0.39,-0.11,3.4
2016-04-11,28.05,28.54,29.34,28.01,85557,248421237.0,4.71,1.06,0.3,4.59
2016-04-12,27.65,25.65,27.65,25.65,166253,438971280.0,7.01,-10.13,-2.89,8.92
2016-04-13,24.77,26.28,26.87,24.3,250002,642660528.0,10.02,2.46,0.63,13.41
2016-04-14,25.73,25.81,26.05,25.2,126917,329808688.0,3.23,-1.79,-0.47,6.81
2016-04-15,25.81,26.83,27.08,25.77,152762,412443024.0,5.08,3.95,1.02,8.19
2016-04-18,26.47,26.59,27.12,25.7,67505,181143282.0,5.29,-0.89,-0.24,3.62
2016-04-19,26.92,26.26,26.95,25.91,48256,128941046.0,3.91,-1.24,-0.33,2.59
2016-04-20,26.34,24.21,26.59,23.6,100945,252234710.0,11.39,-7.81,-2.05,5.41
2016-04-21,24.15,23.83,24.4,23.15,46986,113122097.0,5.16,-1.57,-0.38,2.52
2016-04-22,23.57,23.99,24.23,23.35,36935,89648118.0,3.69,0.67,0.16,1.98
2016-04-25,24.15,23.76,24.15,23.51,31592,76303129.0,2.67,-0.96,-0.23,1.69
2016-04-26,23.7,24.55,25.12,23.66,40976,101742712.0,6.14,3.32,0.79,2.2
2016-04-27,24.55,25.14,25.64,24.25,59680,152521673.0,5.66,2.4,0.59,3.2
2016-04-28,24.65,24.65,25.1,23.66,42787,105827859.0,5.73,-1.95,-0.49,2.29
2016-04-29,24.45,24.51,24.74,23.73,28005,69188265.0,4.1,-0.57,-0.14,1.5
2016-05-03,24.35,25.33,25.43,24.1,38772,98078359.0,5.43,3.35,0.82,2.08
2016-05-04,25.15,25.0,25.75,24.96,37859,96961913.0,3.12,-1.3,-0.33,2.03
2016-05-05,25.62,27.54,27.54,25.4,100488,275840096.0,8.56,10.16,2.54,5.39
2016-05-06,28.65,27.55,29.14,26.85,200813,566598752.0,8.32,0.04,0.01,10.77
2016-05-09,26.65,25.07,27.05,24.76,114983,296230576.0,8.31,-9.0,-2.48,6.17
2016-05-10,24.66,24.22,25.14,24.17,62922,156651156.0,3.87,-3.39,-0.85,3.37
2016-05-11,24.46,23.58,24.71,23.19,60263,145807974.0,6.28,-2.64,-0.64,3.23
2016-05-12,23.05,22.32,23.07,21.9,71475,162388133.0,4.96,-5.34,-1.26,3.83
2016-05-13,22.25,22.14,22.8,21.67,57823,130531041.0,5.06,-0.81,-0.18,3.1
2016-05-16,22.5,22.83,22.95,21.95,44848,102234448.0,4.52,3.12,0.69,2.41
2016-05-17,22.83,22.37,22.84,22.16,45635,103768741.0,2.98,-2.01,-0.46,2.45
2016-05-18,21.95,20.1,21.97,20.1,90193,188994965.0,8.36,-10.15,-2.27,4.84
2016-05-19,19.76,20.03,20.63,19.76,54048,111216752.0,4.33,-0.35,-0.07,2.9
2016-05-20,19.66,20.25,20.53,19.33,51137,103120375.0,5.99,1.1,0.22,2.74
2016-05-23,20.2,21.01,21.14,20.15,59118,124182231.0,4.89,3.75,0.76,3.17
2016-05-24,20.65,20.43,20.85,20.12,42045,87371464.0,3.47,-2.76,-0.58,2.26
2016-05-25,20.6,20.15,20.93,19.8,38760,80532297.0,5.53,-1.37,-0.28,2.08
2016-05-26,20.25,20.11,20.46,19.45,33333,67549148.0,5.01,-0.2,-0.04,1.79
2016-05-27,20.05,20.23,20.58,19.87,32721,67725610.0,3.53,0.6,0.12,1.76
2016-05-30,20.05,21.4,22.05,19.52,106570,229378420.0,12.51,5.78,1.17,5.72
2016-05-31,21.3,22.14,22.14,21.16,82253,181998972.0,4.58,3.46,0.74,4.41
2016-06-01,22.04,21.62,22.16,21.47,84749,187258322.0,3.12,-2.35,-0.52,4.55
2016-06-02,21.4,21.45,21.81,21.26,63953,140144093.0,2.54,-0.79,-0.17,3.43
2016-06-03,23.53,23.63,23.63,22.65,92396,220011745.0,4.57,10.16,2.18,4.96
2016-06-06,25.03,24.47,25.95,24.13,169075,429213792.0,7.7,3.55,0.84,9.07
2016-06-07,24.69,25.12,25.6,24.36,107730,272170784.0,5.07,2.66,0.65,5.78
2016-06-08,24.56,23.27,25.23,22.98,123379,296663344.0,8.96,-7.36,-1.85,6.62
2016-06-13,22.8,22.48,24.03,22.4,108974,257114781.0,7.0,-3.39,-0.79,5.84
2016-06-14,22.35,23.02,23.47,22.02,61134,141391892.0,6.45,2.4,0.54,3.28
2016-06-15,22.6,23.63,24.15,22.53,80590,192089737.0,7.04,2.65,0.61,4.32
2016-06-16,23.7,22.87,23.9,22.52,63138,148670430.0,5.84,-3.22,-0.76,3.39
2016-06-17,22.85,22.39,23.41,22.05,69183,158864318.0,5.95,-2.1,-0.48,3.71
2016-06-20,22.62,23.03,23.53,21.76,79075,182978264.0,7.91,2.86,0.64,4.24
2016-06-21,23.44,22.85,23.9,22.65,92863,220085148.0,5.43,-0.78,-0.18,4.98
2016-06-22,22.79,22.85,23.03,22.37,40888,94307362.0,2.89,0.0,0.0,2.19
2016-06-23,22.65,23.39,23.73,22.5,70103,165307149.0,5.38,2.36,0.54,3.76
2016-06-24,23.3,22.83,23.3,22.25,57912,134073074.0,4.49,-2.39,-0.56,3.11
2016-06-27,22.77,23.32,23.52,22.32,108712,251454403.0,5.26,2.15,0.49,5.83
2016-06-28,23.05,24.8,25.69,22.88,259288,654800176.0,12.05,6.35,1.48,13.91
2016-06-29,24.31,23.83,24.65,23.6,148934,362427744.0,4.23,-3.91,-0.97,7.99
2016-06-30,23.36,22.1,23.58,21.77,190672,432581712.0,7.6,-7.26,-1.73,10.23
2016-07-01,21.75,22.25,22.35,21.67,58826,132376466.0,3.08,0.68,0.15,3.16
2016-07-04,22.05,22.38,22.61,21.85,67366,153024342.0,3.42,0.58,0.13,3.61
2016-07-05,22.24,22.22,22.49,22.07,62077,140024000.0,1.88,-0.71,-0.16,3.33
2016-07-06,22.33,22.4,22.65,22.14,58493,132964149.0,2.3,0.81,0.18,3.14
2016-07-07,22.38,22.08,22.38,21.63,59332,132759725.0,3.35,-1.43,-0.32,3.18
2016-07-08,21.93,22.1,22.3,21.81,38738,86716128.0,2.22,0.09,0.02,2.08
2016-07-11,22.12,21.96,22.29,21.89,44069,99060314.0,1.81,-0.63,-0.14,2.36
2016-07-12,22.1,21.61,22.13,21.1,63176,138379287.0,4.69,-1.59,-0.35,3.39
2016-07-13,21.73,22.2,22.2,21.65,59000,132230812.0,2.55,2.73,0.59,3.16
2016-07-14,22.2,22.08,22.32,21.85,39533,88564182.0,2.12,-0.54,-0.12,2.12
2016-07-15,21.85,21.71,21.94,21.45,50885,111952176.0,2.22,-1.68,-0.37,2.73
2016-07-18,21.6,21.64,21.85,21.45,29529,64831261.0,1.84,-0.32,-0.07,1.58
2016-07-19,21.72,21.63,21.84,21.45,27408,60135546.0,1.8,-0.05,-0.01,1.47
2016-07-20,21.68,21.68,21.77,21.53,27932,61490591.0,1.11,0.23,0.05,1.5
2016-07-21,21.7,21.93,22.03,21.55,39461,87413179.0,2.21,1.15,0.25,2.12
2016-07-22,21.81,21.62,21.88,21.56,25064,55215924.0,1.46,-1.41,-0.31,1.34
2016-07-25,21.65,21.19,21.74,21.06,33851,73697719.0,3.15,-1.99,-0.43,1.82
2016-07-26,21.19,21.46,21.57,21.1,23804,51835041.0,2.22,1.27,0.27,1.28
2016-07-27,21.51,19.99,21.61,19.85,41847,87567017.0,8.2,-6.85,-1.47,2.24
2016-07-28,19.94,20.13,20.16,19.15,51962,103707412.0,5.05,0.7,0.14,2.79
2016-07-29,19.85,19.87,20.1,19.62,20522,41377495.0,2.38,-1.29,-0.26,1.1
2016-08-01,19.64,19.82,20.1,19.24,19882,39703065.0,4.33,-0.25,-0.05,1.07
2016-08-02,19.75,19.82,19.86,19.65,14171,28534302.0,1.06,0.0,0.0,0.76
2016-08-03,19.73,19.81,19.95,19.57,17047,34407790.0,1.92,-0.05,-0.01,0.91
2016-08-04,19.85,20.0,20.23,19.73,23483,47749241.0,2.52,0.96,0.19,1.26
2016-08-05,19.99,19.73,20.12,19.72,15429,31208815.0,2.0,-1.35,-0.27,0.83
2016-08-08,19.73,19.79,19.94,19.5,13549,27251029.0,2.23,0.3,0.06,0.73
2016-08-09,19.85,20.0,20.03,19.78,17208,34799371.0,1.26,1.06,0.21,0.92
2016-08-10,19.97,20.68,21.4,19.87,48796,103661117.0,7.65,3.4,0.68,2.62
2016-08-11,20.65,20.08,20.65,19.83,31338,64232798.0,3.97,-2.9,-0.6,1.68
2016-08-12,20.1,19.96,20.1,19.76,17620,35697073.0,1.69,-0.6,-0.12,0.95
2016-08-15,20.0,20.15,20.31,19.73,29500,60308916.0,2.91,0.95,0.19,1.58
2016-08-16,20.07,20.4,21.03,20.04,43475,90175460.0,4.91,1.24,0.25,2.33
2016-08-17,20.16,20.16,20.37,20.15,33873,69692627.0,1.08,-1.18,-0.24,1.82
2016-08-18,20.2,20.0,20.31,19.95,29937,61209159.0,1.79,-0.79,-0.16,1.61
2016-08-19,20.1,20.06,20.23,19.91,18266,37281729.0,1.6,0.3,0.06,0.98
2016-08-22,20.11,20.15,20.44,19.93,30804,63295071.0,2.54,0.45,0.09,1.65
2016-08-23,20.12,20.11,20.24,19.98,15056,30762361.0,1.29,-0.2,-0.04,0.81
2016-08-24,20.11,19.97,20.15,19.95,19893,40547174.0,0.99,-0.7,-0.14,1.07
2016-08-25,20.05,19.66,20.05,19.5,21234,42476206.0,2.75,-1.55,-0.31,1.14
2016-08-26,19.69,19.6,19.82,19.57,15564,31189000.0,1.27,-0.31,-0.06,0.83
2016-08-29,19.46,19.58,19.75,19.45,14423,28756385.0,1.53,-0.1,-0.02,0.77
2016-08-30,19.45,19.59,19.7,19.45,15277,30452809.0,1.28,0.05,0.01,0.82
2016-08-31,19.57,19.65,19.7,19.5,14788,29508162.0,1.02,0.31,0.06,0.79
2016-09-01,19.73,19.62,20.41,19.6,32450,65880036.0,4.12,-0.15,-0.03,1.74
2016-09-02,19.45,19.44,19.62,19.38,17427,34559911.0,1.22,-0.92,-0.18,0.93
2016-09-05,19.38,19.37,19.55,19.36,14505,28705164.0,0.98,-0.36,-0.07,0.78
2016-09-06,19.35,19.55,19.57,19.14,23689,46632242.0,2.22,0.93,0.18,1.27
2016-09-07,19.55,19.78,19.92,19.55,25681,51604166.0,1.89,1.18,0.23,1.38
2016-09-08,19.81,19.73,19.82,19.58,14791,29635436.0,1.21,-0.25,-0.05,0.79
2016-09-09,19.63,19.65,19.93,19.62,19630,39447670.0,1.57,-0.41,-0.08,1.05
2016-09-12,19.33,18.43,19.33,18.43,35290,67819144.0,4.58,-6.21,-1.22,1.89
2016-09-13,18.65,18.76,18.87,18.35,20963,39765756.0,2.82,1.79,0.33,1.12
2016-09-14,18.62,18.58,18.76,18.48,10233,19397968.0,1.49,-0.96,-0.18,0.55
2016-09-19,18.58,18.81,18.91,18.58,15360,29384405.0,1.78,1.24,0.23,0.82
2016-09-20,18.9,18.61,18.94,18.59,15575,29765252.0,1.86,-1.06,-0.2,0.84
2016-09-21,18.55,18.64,18.87,18.53,19824,37739383.0,1.83,0.16,0.03,1.06
2016-09-22,18.65,19.0,19.09,18.65,24473,47095000.0,2.36,1.93,0.36,1.31
2016-09-23,19.05,18.91,19.1,18.85,12929,24952350.0,1.32,-0.47,-0.09,0.69
2016-09-26,18.8,18.86,19.15,18.67,25302,48913482.0,2.54,-0.26,-0.05,1.36
2016-09-27,19.02,18.86,19.02,18.5,21044,40028859.0,2.76,0.0,0.0,1.13
2016-09-28,18.92,18.84,19.02,18.66,14544,27935050.0,1.91,-0.11,-0.02,0.78
2016-09-29,18.9,19.46,19.8,18.6,42923,84354324.0,6.37,3.29,0.62,2.3
2016-09-30,19.3,19.15,19.54,19.12,26542,52071499.0,2.16,-1.59,-0.31,1.42
2016-10-10,19.35,19.68,19.75,19.2,34635,68964199.0,2.87,2.77,0.53,1.86
2016-10-11,19.58,19.86,20.15,19.58,34092,69044883.0,2.9,0.91,0.18,1.83
2016-10-12,19.8,19.7,19.8,19.53,20857,41714191.0,1.36,-0.81,-0.16,1.12
2016-10-13,19.69,19.62,20.09,19.57,22156,44485863.0,2.64,-0.41,-0.08,1.19
2016-10-14,19.5,19.44,19.7,19.25,22614,44751165.0,2.29,-0.92,-0.18,1.21
2016-10-17,19.45,19.49,19.63,19.37,21991,43614184.0,1.34,0.26,0.05,1.18
2016-10-18,19.6,19.49,19.6,19.31,26309,51899602.0,1.49,0.0,0.0,1.41
2016-10-19,19.52,19.39,19.88,19.27,22225,44181503.0,3.13,-0.51,-0.1,1.19
2016-10-20,19.29,19.85,19.94,19.24,44028,87986430.0,3.61,2.37,0.46,2.36
2016-10-21,19.73,19.29,19.82,19.13,37936,74929382.0,3.48,-2.82,-0.56,2.03
2016-10-24,19.3,19.32,19.45,19.16,23362,46033362.0,1.5,0.16,0.03,1.25
2016-10-25,19.3,19.43,19.59,19.29,18475,36459569.0,1.55,0.57,0.11,0.99
2016-10-26,19.45,19.45,19.51,19.27,21178,41826893.0,1.24,0.1,0.02,1.14
2016-10-27,19.53,19.73,20.0,19.52,57615,116100242.0,2.47,1.44,0.28,3.09
2016-10-28,19.8,20.2,21.46,19.46,90597,187592676.0,10.14,2.38,0.47,4.86
2016-10-31,19.96,20.21,20.6,19.84,54074,111345331.0,3.76,0.05,0.01,2.9
2016-11-01,20.21,20.05,20.33,19.9,52159,106602404.0,2.13,-0.79,-0.16,2.8
2016-11-02,20.03,19.7,20.24,19.67,36948,74785444.0,2.84,-1.75,-0.35,1.98
2016-11-03,19.6,19.67,19.91,19.56,31099,62447000.0,1.78,-0.15,-0.03,1.67
2016-11-04,19.73,19.47,19.75,19.43,30311,60416911.0,1.63,-1.02,-0.2,1.63
2016-11-07,19.29,19.27,19.58,19.26,28123,55537578.0,1.64,-1.03,-0.2,1.51
2016-11-08,19.27,19.59,19.83,19.27,36826,73199451.0,2.91,1.66,0.32,1.98
2016-11-09,19.65,19.25,19.66,19.15,32439,64082379.0,2.6,-1.74,-0.34,1.74
2016-11-10,19.44,19.7,19.81,19.37,28956,57675164.0,2.29,2.34,0.45,1.55
2016-11-11,19.55,19.91,20.1,19.55,46639,94385120.0,2.79,1.07,0.21,2.5
2016-11-14,19.9,19.85,20.11,19.73,31124,63004763.0,1.91,-0.3,-0.06,1.67
2016-11-15,19.83,19.86,20.03,19.71,40399,81615215.0,1.61,0.05,0.01,2.17
2016-11-16,19.89,20.05,20.2,19.86,53854,109898151.0,1.71,0.96,0.19,2.89
2016-11-17,20.01,19.81,20.07,19.75,33318,67343928.0,1.6,-1.2,-0.24,1.79
2016-11-18,19.79,19.84,20.02,19.75,34954,70780204.0,1.36,0.15,0.03,1.87
2016-11-21,19.89,19.93,20.1,19.83,38789,78695725.0,1.36,0.45,0.09,2.08
2016-11-22,19.88,20.13,20.14,19.71,59049,119935618.0,2.16,1.0,0.2,3.17
2016-11-23,20.19,20.24,20.53,20.06,70629,145572050.0,2.33,0.55,0.11,3.79
2016-11-24,20.22,19.87,20.24,19.82,43512,88700945.0,2.08,-1.83,-0.37,2.33
2016-11-25,19.86,19.63,19.87,19.15,49688,98496468.0,3.62,-1.21,-0.24,2.67
2016-11-28,19.63,19.45,19.73,19.36,31152,61856339.0,1.88,-0.92,-0.18,1.67
2016-11-29,19.41,18.65,19.55,17.5,58694,113927724.0,10.54,-4.11,-0.8,3.15
2016-11-30,18.53,18.29,18.53,17.97,41084,76359824.0,3.0,-1.93,-0.36,2.2
2016-12-01,18.29,19.18,19.28,18.2,47958,91888293.0,5.9,4.87,0.89,2.57
2016-12-02,19.06,18.75,19.25,18.57,31365,60480898.0,3.55,-2.24,-0.43,1.68
2016-12-05,18.26,18.5,18.77,18.26,18723,35412426.0,2.72,-1.33,-0.25,1.0
2016-12-06,18.5,18.71,19.01,18.5,20018,38293851.0,2.76,1.14,0.21,1.07
2016-12-07,18.66,18.94,19.0,18.66,20546,39548592.0,1.82,1.23,0.23,1.1
2016-12-08,18.94,18.89,19.17,18.71,23409,45287698.0,2.43,-0.26,-0.05,1.26
2016-12-09,18.9,19.12,19.23,18.83,24801,48107600.0,2.12,1.22,0.23,1.33
2016-12-12,19.05,17.65,19.12,17.54,49945,93078022.0,8.26,-7.69,-1.47,2.68
2016-12-13,17.69,17.79,17.95,17.63,19125,34706996.0,1.81,0.79,0.14,1.03
2016-12-14,17.79,17.73,17.93,17.68,15338,27877943.0,1.41,-0.34,-0.06,0.82
2016-12-15,17.73,17.85,18.14,17.59,28100,51158851.0,3.1,0.68,0.12,1.51
2016-12-16,17.85,17.9,18.09,17.71,22872,41846923.0,2.13,0.28,0.05,1.23
2016-12-21,18.68,18.9,19.48,18.37,166266,319255984.0,6.2,5.59,1.0,8.92
2016-12-22,19.04,18.68,19.04,18.55,81940,156403482.0,2.59,-1.16,-0.22,4.39
2016-12-23,18.63,17.96,18.81,17.96,52736,99084178.0,4.55,-3.85,-0.72,2.83
2016-12-26,17.75,17.63,17.75,17.35,66536,118705360.0,2.23,-1.84,-0.33,3.57
2016-12-27,17.57,18.02,18.3,17.52,54336,99530409.0,4.42,2.21,0.39,2.91
2016-12-28,18.05,18.29,18.29,17.91,59719,110355060.0,2.11,1.5,0.27,3.2
2016-12-29,18.31,18.34,18.55,18.15,54970,102833649.0,2.19,0.27,0.05,2.95
2016-12-30,18.83,18.91,19.23,18.53,80985,155183088.0,3.82,3.11,0.57,4.34
2017-01-03,18.7,19.42,19.44,18.63,99608,194104959.0,4.28,2.7,0.51,5.34
2017-01-04,19.35,20.15,20.21,19.27,158305,318652576.0,4.84,3.76,0.73,8.49
2017-01-05,20.05,20.24,20.27,19.73,106790,216922163.0,2.68,0.45,0.09,5.73
2017-01-06,19.98,19.82,20.13,19.77,74021,150228578.0,1.78,-2.08,-0.42,3.97
2017-01-09,19.85,19.74,20.04,19.51,56427,113088153.0,2.67,-0.4,-0.08,3.03
2017-01-10,19.73,20.28,20.56,19.56,98336,201627743.0,5.07,2.74,0.54,5.27
2017-01-11,20.28,19.96,20.48,19.95,79854,163845530.0,2.61,-1.58,-0.32,4.28
2017-01-12,20.15,20.14,20.23,19.72,60741,123425782.0,2.56,0.9,0.18,3.26
2017-01-13,20.01,19.45,20.17,19.36,54747,110799612.0,4.02,-3.43,-0.69,2.94
2017-01-16,19.23,17.91,19.82,17.47,72032,136330976.0,12.08,-7.92,-1.54,3.86
2017-01-17,17.89,18.6,18.74,17.7,52857,98643182.0,5.81,3.85,0.69,2.84
2017-01-18,18.53,18.49,19.12,18.47,51724,99042807.0,3.49,-0.59,-0.11,2.77
2017-01-19,18.47,18.48,18.6,18.15,19246,36145481.0,2.43,-0.05,-0.01,1.03
2017-01-20,18.45,18.65,18.85,18.38,40477,77060848.0,2.54,0.92,0.17,2.17
2017-01-23,18.65,18.65,18.95,18.58,26869,51256676.0,1.98,0.0,0.0,1.44
2017-01-24,18.64,18.59,18.78,18.52,17800,33756163.0,1.39,-0.32,-0.06,0.95
2017-01-25,18.46,18.51,18.6,18.37,17769,33475151.0,1.24,-0.43,-0.08,0.95
2017-01-26,18.51,18.51,18.65,18.38,22138,41790133.0,1.46,0.0,0.0,1.19
2017-02-03,18.38,18.56,18.69,18.38,10227,19328854.0,1.67,0.27,0.05,0.55
2017-02-06,18.53,18.65,18.69,18.43,33962,64255935.0,1.4,0.48,0.09,1.82
2017-02-07,18.65,18.58,18.89,18.51,28785,54738646.0,2.04,-0.38,-0.07,1.54
2017-02-08,18.64,18.62,18.64,18.44,46373,87432011.0,1.08,0.22,0.04,2.49
2017-02-09,18.61,18.89,18.94,18.55,53591,102698238.0,2.09,1.45,0.27,2.87
2017-02-10,18.9,19.15,19.31,18.66,60882,117558210.0,3.44,1.38,0.26,3.27
2017-02-13,19.06,19.45,19.7,19.05,79373,156647882.0,3.39,1.57,0.3,4.26
2017-02-14,19.38,19.39,19.7,19.21,54355,107767990.0,2.52,-0.31,-0.06,2.92
2017-02-15,19.38,19.25,19.49,19.1,49998,98201123.0,2.01,-0.72,-0.14,2.68
2017-02-16,19.21,19.21,19.42,19.09,29348,57467334.0,1.71,-0.21,-0.04,1.57
2017-02-17,19.27,18.46,19.28,18.35,51348,98166861.0,4.84,-3.9,-0.75,2.75
2017-02-20,18.25,17.76,18.45,17.58,72906,132694799.0,4.71,-3.79,-0.7,3.91
2017-02-21,17.77,17.82,17.91,17.65,50652,91830907.0,1.46,0.34,0.06,2.72
2017-02-22,17.82,17.82,17.87,17.66,31969,57949549.0,1.18,0.0,0.0,1.71
2017-02-23,17.75,17.7,17.85,17.58,34326,61901597.0,1.52,-0.67,-0.12,1.84
2017-02-24,17.7,17.87,17.9,17.42,50908,91800363.0,2.71,0.96,0.17,2.73
2017-02-27,17.88,17.87,18.12,17.75,31540,57501051.0,2.07,0.0,0.0,1.69
2017-02-28,17.81,17.81,17.9,17.65,24798,44912153.0,1.4,-0.34,-0.06,1.33
2017-03-01,17.8,17.83,17.95,17.76,27452,49994022.0,1.07,0.11,0.02,1.47
2017-03-02,17.84,17.54,17.92,17.48,65892,118984233.0,2.47,-1.63,-0.29,3.53
2017-03-03,17.54,17.64,17.7,17.37,33914,60526703.0,1.88,0.57,0.1,1.82
2017-03-06,17.62,17.69,17.74,17.6,24231,43627082.0,0.79,0.28,0.05,1.3
2017-03-07,17.69,17.77,17.9,17.65,31280,56757167.0,1.41,0.45,0.08,1.68
2017-03-08,17.8,17.89,17.95,17.69,31302,56890112.0,1.46,0.68,0.12,1.68
2017-03-09,17.88,17.64,17.88,17.6,26360,47474002.0,1.57,-1.4,-0.25,1.41
2017-03-10,17.62,17.54,17.68,17.5,19196,34395302.0,1.02,-0.57,-0.1,1.03
2017-03-13,17.51,17.55,17.73,17.37,23359,41689026.0,2.05,0.06,0.01,1.25
2017-03-14,17.59,17.53,17.63,17.49,21439,38358769.0,0.8,-0.11,-0.02,1.15
2017-03-15,17.57,17.34,17.57,17.27,29977,53162831.0,1.71,-1.08,-0.19,1.61
2017-03-16,17.34,17.67,17.69,17.28,37903,67501473.0,2.36,1.9,0.33,2.03
2017-03-17,17.65,17.54,17.71,17.5,30956,55532195.0,1.19,-0.74,-0.13,1.66
2017-03-20,17.59,17.89,17.95,17.54,49146,89100458.0,2.34,2.0,0.35,2.64
2017-03-21,17.89,17.76,17.93,17.74,23408,42496218.0,1.06,-0.73,-0.13,1.26
2017-03-22,17.76,17.53,17.79,17.39,31332,56016958.0,2.25,-1.3,-0.23,1.68
2017-03-23,17.55,17.45,17.7,17.36,26478,47374927.0,1.94,-0.46,-0.08,1.42
2017-03-24,17.5,17.46,17.52,17.36,18934,33673042.0,0.92,0.06,0.01,1.02
2017-03-27,17.49,17.49,17.59,17.39,23797,42406635.0,1.15,0.17,0.03,1.28
2017-03-28,17.5,17.78,17.94,17.4,43915,78920444.0,3.09,1.66,0.29,2.36
2017-03-29,17.8,17.48,17.9,17.46,30042,54185244.0,2.47,-1.69,-0.3,1.61
2017-03-30,17.48,16.25,17.48,16.25,78199,132710415.0,7.04,-7.04,-1.23,4.19
2017-03-31,16.06,16.2,16.44,15.43,44407,72858800.0,6.22,-0.31,-0.05,2.38
2017-04-05,16.21,16.34,16.37,15.79,21759,35973525.0,3.58,0.86,0.14,1.17
2017-04-06,16.34,16.37,16.82,16.25,34990,59121955.0,3.49,0.18,0.03,1.88
2017-04-07,16.31,16.24,16.49,16.21,16656,27712118.0,1.71,-0.79,-0.13,0.89
2017-04-10,16.3,15.8,16.32,15.75,26712,43651174.0,3.51,-2.71,-0.44,1.43
2017-04-11,15.82,15.66,16.0,15.43,32037,51452894.0,3.61,-0.89,-0.14,1.72
2017-04-12,15.68,15.49,15.75,15.47,24133,38456094.0,1.79,-1.09,-0.17,1.29
2017-04-13,15.55,15.59,15.67,15.28,22657,35861938.0,2.52,0.65,0.1,1.22
2017-04-14,15.59,15.3,15.59,15.25,26430,41518067.0,2.18,-1.86,-0.29,1.42
2017-04-17,14.98,14.72,15.15,14.68,27194,41178737.0,3.07,-3.79,-0.58,1.46
2017-04-18,14.8,14.94,15.45,14.76,29413,45761505.0,4.69,1.49,0.22,1.58
2017-04-19,14.75,14.52,15.0,14.45,26451,39581540.0,3.68,-2.81,-0.42,1.42
2017-04-20,14.51,14.43,14.69,14.3,18736,27763065.0,2.69,-0.62,-0.09,1.0
2017-04-21,14.42,14.08,14.5,13.95,21163,30707433.0,3.81,-2.43,-0.35,1.14
2017-04-24,14.08,13.23,14.08,13.05,33169,45745424.0,7.32,-6.04,-0.85,1.78
2017-04-25,13.23,13.48,13.6,13.05,24186,33287823.0,4.16,1.89,0.25,1.3
2017-04-26,13.49,13.65,13.87,13.41,20497,28774530.0,3.41,1.26,0.17,1.1
2017-04-27,13.68,13.7,13.9,13.45,20062,28143607.0,3.3,0.37,0.05,1.08
2017-04-28,13.83,13.8,13.83,13.6,12924,18209904.0,1.68,0.73,0.1,0.69
2017-05-02,13.83,14.55,14.9,13.76,36493,53889828.0,8.26,5.43,0.75,1.96
2017-05-03,14.52,14.35,14.6,14.1,24105,35365789.0,3.44,-1.37,-0.2,1.29
2017-05-04,14.35,14.7,14.85,14.27,26732,40174178.0,4.04,2.44,0.35,1.43
2017-05-05,14.63,14.24,14.65,14.15,21883,32228648.0,3.4,-3.13,-0.46,1.17
2017-05-08,14.17,13.99,14.25,13.96,7146,10300061.0,2.04,-1.76,-0.25,0.38
2017-05-09,14.11,13.89,14.26,13.39,11512,16372712.0,6.22,-0.71,-0.1,0.62
2017-05-10,13.89,13.8,14.3,13.7,19556,28223540.0,4.32,-0.65,-0.09,1.05
2017-05-11,13.79,13.58,14.02,13.26,13205,18392337.0,5.51,-1.59,-0.22,0.71
2017-05-12,13.58,13.47,13.71,13.4,14257,19867453.0,2.28,-0.81,-0.11,0.76
2017-05-15,13.46,13.76,13.93,13.25,15689,21914103.0,5.05,2.15,0.29,0.84
2017-05-16,13.73,14.22,14.32,13.58,18893,27135324.0,5.38,3.34,0.46,1.01
2017-05-17,14.19,14.39,14.65,14.19,19344,28692414.0,3.23,1.2,0.17,1.04
2017-05-18,14.18,14.54,14.94,14.18,20812,31277930.0,5.28,1.04,0.15,1.12
2017-05-19,14.43,14.42,14.64,14.31,9528,14086458.0,2.27,-0.83,-0.12,0.51
2017-05-22,14.48,14.01,14.5,13.84,10686,15554361.0,4.58,-2.84,-0.41,0.57
2017-05-23,14.0,13.81,14.46,13.8,14684,21245102.0,4.71,-1.43,-0.2,0.79
2017-05-24,13.71,13.85,14.0,13.55,10125,14341322.0,3.26,0.29,0.04,0.54
2017-05-25,13.98,13.87,13.98,13.53,10403,14678846.0,3.25,0.14,0.02,0.56
2017-05-26,14.04,13.72,14.04,13.62,9194,12987448.0,3.03,-1.08,-0.15,0.49
2017-05-31,13.75,13.45,13.88,13.43,12059,16944323.0,3.28,-1.97,-0.27,0.65
2017-06-01,13.46,12.12,13.46,12.07,42401,54494129.0,10.33,-9.89,-1.33,2.27
2017-06-02,11.94,12.41,12.47,11.93,25506,31982758.0,4.46,2.39,0.29,1.37
2017-06-05,12.47,12.47,12.79,12.35,24753,31993209.0,3.55,0.48,0.06,1.33
2017-06-06,12.5,12.69,12.83,12.35,22142,28714481.0,3.85,1.76,0.22,1.19
2017-06-07,12.65,13.1,13.14,12.65,29706,39406386.0,3.86,3.23,0.41,1.59
2017-06-08,13.5,13.18,13.94,13.15,51834,71539550.0,6.03,0.61,0.08,2.78
2017-06-09,13.06,13.53,13.6,13.06,35638,48697203.0,4.1,2.66,0.35,1.91
2017-06-12,13.43,13.05,13.43,13.03,18595,25191765.0,2.96,-3.55,-0.48,1.0
2017-06-13,12.95,13.15,13.22,12.86,10396,14003461.0,2.76,0.77,0.1,0.56
2017-06-14,13.22,13.21,13.3,13.11,11930,16194270.0,1.44,0.46,0.06,0.64
2017-06-15,13.21,13.52,13.62,13.11,20192,27904562.0,3.86,2.35,0.31,1.08
2017-06-16,13.44,13.64,13.65,13.38,18966,26443551.0,2.0,0.89,0.12,1.02
2017-06-19,13.77,13.57,14.03,13.57,21753,30746167.0,3.37,-0.51,-0.07,1.17
2017-06-20,13.57,13.56,13.7,13.54,13969,19479310.0,1.18,-0.07,-0.01,0.75
2017-06-21,13.62,13.51,13.63,13.49,15176,21073887.0,1.03,-0.37,-0.05,0.81
2017-06-22,13.5,13.19,13.58,13.17,15511,21365530.0,3.03,-2.37,-0.32,0.83
2017-06-23,13.23,13.36,13.52,13.15,8913,12195928.0,2.81,1.29,0.17,0.48
2017-06-26,13.36,13.29,13.41,13.12,10476,14254500.0,2.17,-0.52,-0.07,0.56
2017-06-27,13.3,13.25,13.45,13.21,9608,13109260.0,1.81,-0.3,-0.04,0.52
2017-06-28,13.22,13.23,13.3,13.01,17487,23638568.0,2.19,-0.15,-0.02,0.94
2017-06-29,13.22,13.29,13.33,13.15,16140,21983916.0,1.36,0.45,0.06,0.87
2017-06-30,13.33,13.64,13.75,13.25,17927,24968899.0,3.76,2.63,0.35,0.96
2017-07-03,13.59,13.61,13.74,13.5,12271,17143114.0,1.76,-0.22,-0.03,0.66
2017-07-04,13.6,13.62,13.72,13.56,8697,12167832.0,1.18,0.07,0.01,0.47
2017-07-05,13.62,13.73,13.74,13.52,11838,16601357.0,1.62,0.81,0.11,0.63
2017-07-06,13.79,13.74,13.81,13.61,18985,26705359.0,1.46,0.07,0.01,1.02
2017-07-07,13.74,13.67,13.8,13.53,18747,26211190.0,1.97,-0.51,-0.07,1.01
2017-07-10,13.65,13.65,13.73,13.5,17513,24429520.0,1.68,-0.15,-0.02,0.94
2017-07-11,13.64,13.6,13.73,13.5,10205,14244065.0,1.68,-0.37,-0.05,0.55
2017-07-12,13.53,13.6,13.67,13.4,11553,16013562.0,1.99,0.0,0.0,0.62
2017-07-13,13.53,14.03,14.58,13.51,26758,38474890.0,7.87,3.16,0.43,1.44
2017-07-14,13.9,13.87,14.15,13.75,12909,18423633.0,2.85,-1.14,-0.16,0.69
2017-07-17,13.94,13.38,13.94,13.05,23143,32145376.0,6.42,-3.53,-0.49,1.24
2017-07-18,13.12,13.53,13.53,12.74,26516,36148149.0,5.9,1.12,0.15,1.42
2017-07-19,13.16,13.39,13.5,13.07,15311,20933342.0,3.18,-1.03,-0.14,0.82
2017-07-20,13.39,13.37,13.64,13.25,16058,22175007.0,2.91,-0.15,-0.02,0.86
2017-07-21,13.34,13.25,13.38,13.18,11304,15389152.0,1.5,-0.9,-0.12,0.61
2017-07-24,13.2,13.18,13.29,12.94,10697,14456808.0,2.64,-0.53,-0.07,0.57
2017-07-25,13.28,13.13,13.3,13.05,8915,12034053.0,1.9,-0.38,-0.05,0.48
2017-07-26,13.13,13.1,13.2,13.04,6867,9233370.0,1.22,-0.23,-0.03,0.37
2017-07-27,13.09,13.26,13.35,12.95,16208,22062372.0,3.05,1.22,0.16,0.87
2017-07-28,13.26,13.07,13.32,13.06,12491,16843167.0,1.96,-1.43,-0.19,0.67
2017-07-31,13.06,12.96,13.21,12.93,13459,17974041.0,2.14,-0.84,-0.11,0.72
2017-08-01,12.96,12.92,13.05,12.82,14008,18594901.0,1.77,-0.31,-0.04,0.75
2017-08-02,12.85,12.65,12.87,12.61,16623,21720385.0,2.01,-2.09,-0.27,0.89
2017-08-03,12.55,12.66,12.83,12.52,6880,8969820.0,2.45,0.08,0.01,0.37
2017-08-04,12.67,12.84,12.84,12.54,13704,17906486.0,2.37,1.42,0.18,0.74
2017-08-07,12.78,12.99,13.08,12.73,13174,17426766.0,2.73,1.17,0.15,0.71
2017-08-08,12.89,12.86,13.0,12.75,6684,8841548.0,1.92,-1.0,-0.13,0.36
2017-08-09,12.9,12.87,13.02,12.82,7362,9770449.0,1.56,0.08,0.01,0.39
2017-08-10,12.88,12.95,13.13,12.83,13232,17614754.0,2.33,0.62,0.08,0.71
2017-08-11,12.98,12.82,13.08,12.75,10202,13558335.0,2.55,-1.0,-0.13,0.55
2017-08-14,12.83,12.97,13.06,12.83,7745,10315806.0,1.79,1.17,0.15,0.42
2017-08-15,12.97,13.08,13.19,12.97,10040,13466030.0,1.7,0.85,0.11,0.54
2017-08-16,13.3,13.55,14.22,13.27,69675,97259709.0,7.26,3.59,0.47,3.74
2017-08-17,13.39,13.75,13.77,13.23,59068,81897900.0,3.99,1.48,0.2,3.17
2017-08-18,13.55,13.63,13.76,13.49,29935,41833662.0,1.96,-0.87,-0.12,1.61
2017-08-21,13.65,13.65,13.76,13.51,20978,29272786.0,1.83,0.15,0.02,1.13
2017-08-22,13.68,13.54,13.71,13.51,15616,21721056.0,1.47,-0.81,-0.11,0.84
2017-08-23,13.46,13.66,13.74,13.38,19346,27034068.0,2.66,0.89,0.12,1.04
2017-08-24,13.73,13.62,13.75,13.43,21687,30301836.0,2.34,-0.29,-0.04,1.16
2017-08-25,13.7,13.65,13.74,13.56,22540,31537995.0,1.32,0.22,0.03,1.21
2017-08-28,13.66,13.88,14.2,13.66,35083,49971389.0,3.96,1.68,0.23,1.88
2017-08-29,13.88,13.81,13.93,13.67,17748,25050729.0,1.87,-0.5,-0.07,0.95
2017-08-30,13.86,14.14,14.29,13.78,49705,71699843.0,3.69,2.39,0.33,2.67
2017-08-31,14.05,14.09,14.33,14.05,26460,38408155.0,1.98,-0.35,-0.05,1.42
2017-09-01,14.16,14.33,14.33,13.89,34233,49542715.0,3.12,1.7,0.24,1.84
2017-09-04,14.27,14.94,15.43,14.27,65803,100326462.0,8.09,4.26,0.61,3.53
2017-09-05,14.98,15.09,15.4,14.71,79848,123006178.0,4.62,1.0,0.15,4.28
2017-09-06,14.96,15.16,15.23,14.78,40233,61747344.0,2.98,0.46,0.07,2.16
2017-09-07,15.15,14.97,15.3,14.93,30687,47457014.0,2.44,-1.25,-0.19,1.65
2017-09-08,14.86,14.79,15.22,14.61,28562,43479630.0,4.07,-1.2,-0.18,1.53
2017-09-11,14.79,14.84,14.95,14.67,21032,31887052.0,1.89,0.34,0.05,1.13
2017-09-12,14.76,14.75,14.92,14.71,22221,33682498.0,1.42,-0.61,-0.09,1.19
2017-09-13,14.76,14.56,14.82,14.45,22659,33765114.0,2.51,-1.29,-0.19,1.22
2017-09-14,14.55,14.59,14.74,14.46,20050,29992477.0,1.92,0.21,0.03,1.08
2017-09-15,14.6,14.51,14.66,14.44,16034,23835285.0,1.51,-0.55,-0.08,0.86
2017-09-18,14.4,14.63,14.73,14.4,14107,21109322.0,2.27,0.83,0.12,0.76
2017-09-19,14.63,14.6,14.69,14.5,13242,19796534.0,1.3,-0.21,-0.03,0.71
2017-09-20,14.61,15.14,15.15,14.54,45507,69861273.0,4.18,3.7,0.54,2.44
2017-09-21,15.13,14.91,15.25,14.91,27427,42252773.0,2.25,-1.52,-0.23,1.47
2017-09-22,14.85,14.43,14.91,14.27,27168,40654425.0,4.29,-3.22,-0.48,1.46
2017-09-25,14.37,14.03,14.46,14.01,20865,30315434.0,3.12,-2.77,-0.4,1.12
2017-09-26,14.02,14.14,14.19,14.0,10608,15309525.0,1.35,0.78,0.11,0.57
2017-09-27,14.14,14.55,14.6,14.08,20290,30013112.0,3.68,2.9,0.41,1.09
2017-09-28,14.55,14.53,14.88,14.45,22130,33340616.0,2.96,-0.14,-0.02,1.19
2017-09-29,14.53,14.64,14.74,14.48,12144,18125051.0,1.79,0.76,0.11,0.65
2017-10-09,14.95,15.41,16.03,14.88,78293,123347304.0,7.86,5.26,0.77,4.2
2017-10-10,15.4,15.42,15.46,15.18,38865,60846121.0,1.82,0.06,0.01,2.08
2017-10-11,15.42,15.73,15.75,15.1,46631,73709195.0,4.22,2.01,0.31,2.5
2017-10-12,15.7,15.59,15.87,15.45,36902,59081358.0,2.67,-0.89,-0.14,1.98
2017-10-13,15.55,15.27,15.64,15.27,30200,47548974.0,2.37,-2.05,-0.32,1.62
2017-10-16,15.3,15.99,16.67,15.26,84856,139063237.0,9.23,4.72,0.72,4.55
2017-10-17,15.85,16.76,16.93,15.45,99050,164178731.0,9.26,4.82,0.77,5.31
2017-10-18,16.83,16.37,17.4,16.35,98986,170339893.0,6.26,-2.33,-0.39,5.31
2017-10-19,16.37,16.61,16.75,15.97,59236,99106708.0,4.76,1.47,0.24,3.18
2017-10-20,16.47,16.95,17.05,16.37,64238,110436307.0,4.09,2.05,0.34,3.45
2017-10-23,16.75,16.62,16.98,16.53,46173,78899740.0,2.65,-1.95,-0.33,2.48
2017-10-24,16.53,16.47,16.54,16.01,46026,76597345.0,3.19,-0.9,-0.15,2.47
2017-10-25,16.42,16.67,16.73,16.21,36958,62582828.0,3.16,1.21,0.2,1.98
2017-10-26,16.6,16.55,16.76,16.49,31393,53365454.0,1.62,-0.72,-0.12,1.68
2017-10-27,16.45,16.17,16.54,16.11,30866,51376000.0,2.6,-2.3,-0.38,1.66
2017-10-30,16.07,15.78,16.52,15.68,26444,43120016.0,5.19,-2.41,-0.39,1.42
2017-10-31,15.75,16.25,16.32,15.75,28827,47553986.0,3.61,2.98,0.47,1.55
2017-11-01,16.15,16.51,16.63,16.15,27897,46837281.0,2.95,1.6,0.26,1.5
2017-11-02,16.45,16.15,16.45,16.1,19163,31811794.0,2.12,-2.18,-0.36,1.03
2017-11-03,16.13,16.0,16.35,15.81,15480,25339942.0,3.34,-0.93,-0.15,0.83
2017-11-06,15.85,15.95,16.11,15.8,14957,24393585.0,1.94,-0.31,-0.05,0.8
2017-11-07,15.95,15.84,16.09,15.75,17814,28913771.0,2.13,-0.69,-0.11,0.96
2017-11-08,15.79,15.82,16.1,15.69,23768,38643837.0,2.59,-0.13,-0.02,1.27
2017-11-09,15.88,16.87,17.15,15.88,63589,108502114.0,8.03,6.64,1.05,3.41
2017-11-10,16.88,16.92,17.0,16.66,38785,66582575.0,2.02,0.3,0.05,2.08
2017-11-13,16.92,17.24,17.4,16.75,48994,85882405.0,3.84,1.89,0.32,2.63
2017-11-14,17.35,16.89,17.36,16.86,30587,52986274.0,2.9,-2.03,-0.35,1.64
2017-11-15,16.79,16.82,16.85,16.5,19758,33633537.0,2.07,-0.41,-0.07,1.06
2017-11-16,16.78,16.73,16.95,16.56,23246,39569638.0,2.32,-0.54,-0.09,1.25
2017-11-17,16.76,16.04,16.76,15.39,35647,58860041.0,8.19,-4.12,-0.69,1.91
2017-11-20,15.89,16.2,16.24,15.37,19795,31967413.0,5.42,1.0,0.16,1.06
2017-11-21,16.1,16.29,16.35,15.99,13297,21986081.0,2.22,0.56,0.09,0.71
2017-11-22,16.21,16.01,16.46,15.96,13932,23019245.0,3.07,-1.72,-0.28,0.75
2017-11-23,16.01,15.08,16.25,15.05,24243,38595734.0,7.5,-5.81,-0.93,1.3
2017-11-24,15.12,15.5,15.64,15.02,19467,30453661.0,4.11,2.79,0.42,1.04
2017-11-27,15.36,14.8,15.52,14.77,18822,29071415.0,4.84,-4.52,-0.7,1.01
2017-11-28,14.8,14.9,15.05,14.66,13892,21067319.0,2.64,0.68,0.1,0.75
2017-11-29,14.93,14.85,14.96,14.56,13355,20204542.0,2.68,-0.34,-0.05,0.72
2017-11-30,14.85,14.82,14.93,14.73,8376,12720096.0,1.35,-0.2,-0.03,0.45
2017-12-01,14.91,14.98,15.0,14.61,11556,17560116.0,2.63,1.08,0.16,0.62
2017-12-04,14.88,14.55,14.88,14.55,12637,18967466.0,2.2,-2.87,-0.43,0.68
2017-12-05,14.5,13.63,14.73,13.63,17669,25502873.0,7.56,-6.32,-0.92,0.95
2017-12-06,13.65,13.86,13.9,13.57,13823,19492046.0,2.42,1.69,0.23,0.74
2017-12-07,13.87,13.79,13.98,13.74,12349,17551607.0,1.73,-0.51,-0.07,0.66
2017-12-08,13.79,13.97,14.06,13.75,9932,14208358.0,2.25,1.31,0.18,0.53
2017-12-11,13.91,14.15,14.17,13.76,10364,14867908.0,2.93,1.29,0.18,0.56
2017-12-12,14.15,13.93,14.16,13.89,7957,11432484.0,1.91,-1.55,-0.22,0.43
2017-12-13,13.94,13.99,14.05,13.71,7726,11020946.0,2.44,0.43,0.06,0.41
2017-12-14,13.99,14.15,14.16,13.81,13983,20095126.0,2.5,1.14,0.16,0.75
2017-12-15,14.03,14.03,14.25,13.96,8430,12160952.0,2.05,-0.85,-0.12,0.45
2017-12-18,14.01,14.04,14.22,13.94,6434,9268103.0,2.0,0.07,0.01,0.35
2017-12-19,13.94,14.08,14.13,13.94,5672,8166333.0,1.35,0.28,0.04,0.3
2017-12-20,14.18,13.89,14.18,13.76,8975,12869843.0,2.98,-1.35,-0.19,0.48
2017-12-21,13.78,13.85,13.99,13.72,7881,11181653.0,1.94,-0.29,-0.04,0.42
2017-12-22,13.78,13.59,13.91,13.45,11494,16139261.0,3.32,-1.88,-0.26,0.62
2017-12-25,13.52,13.25,13.64,13.1,12159,16582583.0,3.97,-2.5,-0.34,0.65
2017-12-26,13.16,13.38,13.44,13.15,6711,9156898.0,2.19,0.98,0.13,0.36
2017-12-27,13.29,13.44,13.62,13.29,7051,9739149.0,2.47,0.45,0.06,0.38
2017-12-28,13.41,13.41,13.46,13.2,7419,10141223.0,1.93,-0.22,-0.03,0.4
2017-12-29,13.48,13.6,13.61,13.25,8370,11519771.0,2.68,1.42,0.19,0.45
2018-01-02,13.68,13.76,13.85,13.57,10917,15343178.0,2.06,1.18,0.16,0.59
2018-01-03,13.76,13.93,13.93,13.67,10465,14815923.0,1.89,1.24,0.17,0.56
2018-01-04,13.82,13.82,13.98,13.74,8403,11918850.0,1.72,-0.79,-0.11,0.45
2018-01-05,13.82,13.85,13.94,13.75,6608,9382988.0,1.37,0.22,0.03,0.35
2018-01-08,13.73,13.44,13.84,13.33,13688,18994596.0,3.68,-2.96,-0.41,0.73
2018-01-09,13.33,13.44,13.6,13.33,8571,11851885.0,2.01,0.0,0.0,0.46
2018-01-10,13.35,13.29,13.46,13.15,12068,16471061.0,2.31,-1.12,-0.15,0.65
2018-01-11,13.3,13.45,13.46,13.22,9714,13319084.0,1.81,1.2,0.16,0.52
2018-01-12,13.4,13.32,13.53,13.29,7827,10743954.0,1.78,-0.97,-0.13,0.42
2018-01-15,13.34,12.85,13.34,12.76,13250,17700278.0,4.35,-3.53,-0.47,0.71
2018-01-16,12.66,12.96,13.0,12.66,7646,10096769.0,2.65,0.86,0.11,0.41
2018-01-17,12.92,13.0,13.03,12.77,9416,12468982.0,2.01,0.31,0.04,0.51
2018-01-18,13.08,13.36,13.39,12.93,15843,21524982.0,3.54,2.77,0.36,0.85
2018-01-19,13.42,13.4,13.42,13.24,9330,12780191.0,1.35,0.3,0.04,0.5
2018-01-22,13.33,13.85,13.91,13.08,21646,30296303.0,6.19,3.36,0.45,1.16
2018-01-23,13.71,13.58,13.82,13.49,15531,21650459.0,2.38,-1.95,-0.27,0.83
2018-01-24,13.57,13.53,13.64,13.47,8887,12360161.0,1.25,-0.37,-0.05,0.48
2018-01-25,13.46,13.48,13.71,13.46,6263,8718176.0,1.85,-0.37,-0.05,0.34
2018-01-26,13.38,13.73,13.81,13.37,16473,23117974.0,3.26,1.85,0.25,0.88
2018-01-29,13.77,13.82,13.9,13.65,11207,15828850.0,1.82,0.66,0.09,0.6
2018-01-30,13.85,14.17,14.32,13.83,30055,43432144.0,3.55,2.53,0.35,1.61
2018-01-31,14.12,13.51,14.12,13.47,18244,25659634.0,4.59,-4.66,-0.66,0.98
2018-02-01,13.35,12.8,13.48,12.78,15727,21004969.0,5.18,-5.26,-0.71,0.84
2018-02-02,12.8,12.56,12.89,12.35,12879,16611725.0,4.22,-1.88,-0.24,0.69
2018-02-05,12.45,12.64,12.81,12.25,5556,7155424.0,4.46,0.64,0.08,0.3
2018-02-06,12.35,11.51,12.63,11.35,17071,21337076.0,10.13,-8.94,-1.13,0.92
2018-02-07,11.74,11.07,12.03,10.68,14863,17174739.0,11.73,-3.82,-0.44,0.8
2018-02-08,11.06,11.16,11.43,11.0,6703,7738644.0,3.88,0.81,0.09,0.36
2018-02-09,10.81,10.64,10.81,10.33,14024,15339971.0,4.3,-4.66,-0.52,0.75
2018-02-12,10.76,10.9,11.14,10.65,6514,7304358.0,4.61,2.44,0.26,0.35
2018-02-13,10.9,10.94,11.2,10.9,6420,7345030.0,2.75,0.37,0.04,0.34
2018-02-14,10.87,10.96,11.05,10.77,3765,4251638.0,2.56,0.18,0.02,0.2
2018-02-22,11.14,11.16,11.25,11.04,5301,6086306.0,1.92,1.82,0.2,0.28
2018-02-23,11.12,11.25,11.3,11.08,4874,5632244.0,1.97,0.81,0.09,0.26
2018-02-26,11.33,11.98,12.32,11.32,17906,21756962.0,8.89,6.49,0.73,0.96
2018-02-27,11.9,11.81,12.04,11.66,10978,13396387.0,3.17,-1.42,-0.17,0.59
2018-02-28,11.81,11.86,11.9,11.67,7516,9130115.0,1.95,0.42,0.05,0.4
2018-03-01,11.9,11.99,12.05,11.76,7434,9143546.0,2.45,1.1,0.13,0.4
2018-03-02,11.85,12.01,12.1,11.8,6836,8453467.0,2.5,0.17,0.02,0.37
2018-03-05,12.0,12.19,12.22,11.89,7013,8753230.0,2.75,1.5,0.18,0.38
2018-03-06,12.3,12.18,12.3,12.0,8241,10301923.0,2.46,-0.08,-0.01,0.44
2018-03-07,12.3,12.26,12.39,12.16,7418,9361958.0,1.89,0.66,0.08,0.4
2018-03-08,12.26,12.52,12.58,12.19,13221,16896700.0,3.18,2.12,0.26,0.71
2018-03-09,12.58,12.71,12.81,12.53,16401,21384994.0,2.24,1.52,0.19,0.88
2018-03-12,12.66,12.72,12.85,12.52,14058,18342207.0,2.6,0.08,0.01,0.75
2018-03-13,12.72,12.57,12.72,12.46,13545,17491543.0,2.04,-1.18,-0.15,0.73
2018-03-14,12.4,12.28,12.57,12.27,9866,12577438.0,2.39,-2.31,-0.29,0.53
2018-03-15,12.28,12.29,12.43,12.13,8322,10492006.0,2.44,0.08,0.01,0.45
2018-03-16,12.3,12.25,12.4,12.24,6561,8307238.0,1.3,-0.33,-0.04,0.35
2018-03-19,12.25,12.32,12.5,12.15,6648,8459033.0,2.86,0.57,0.07,0.36
2018-03-20,12.31,13.12,13.15,12.15,30207,39949423.0,8.12,6.49,0.8,1.62
2018-08-21,11.77,11.77,11.77,11.77,6832,8280384.0,0.0,-10.29,-1.35,0.37
2018-08-22,10.56,10.83,11.42,10.56,85835,95084203.0,7.31,-7.99,-0.94,4.6
2018-08-23,10.47,11.15,11.95,10.28,90619,104115824.0,15.42,2.95,0.32,4.86
2018-08-24,11.86,12.3,12.3,11.54,66787,83877348.0,6.82,10.31,1.15,3.58
2018-08-27,13.16,13.57,13.57,12.93,96298,133290217.0,5.2,10.33,1.27,5.17
2018-08-28,14.04,12.45,14.25,12.38,196774,271110896.0,13.78,-8.25,-1.12,10.55
2018-08-29,12.16,11.94,12.33,11.68,116692,142997388.0,5.22,-4.1,-0.51,6.26
2018-08-30,11.84,11.32,11.85,11.02,88994,104755405.0,6.95,-5.19,-0.62,4.77
2018-08-31,11.25,11.45,11.8,11.03,80004,94127376.0,6.8,1.15,0.13,4.29
2018-09-03,11.45,11.55,12.33,11.39,80034,96459004.0,8.21,0.87,0.1,4.29
2018-09-04,11.25,11.3,11.64,10.8,87206,100385970.0,7.27,-2.16,-0.25,4.68
2018-09-05,11.24,10.75,11.24,10.69,61974,70006605.0,4.87,-4.87,-0.55,3.32
2018-09-06,10.59,10.74,10.85,10.52,43635,48131433.0,3.07,-0.09,-0.01,2.34
2018-09-07,10.75,10.87,11.11,10.5,57192,63689080.0,5.68,1.21,0.13,3.07
2018-09-10,10.73,10.3,10.75,10.3,40530,43882831.0,4.14,-5.24,-0.57,2.17
2018-09-11,10.25,10.19,10.39,9.9,38920,40657787.0,4.76,-1.07,-0.11,2.09
2018-09-12,10.11,10.11,10.23,10.01,21580,22596312.0,2.16,-0.79,-0.08,1.16
2018-09-13,10.13,10.1,10.28,9.96,23110,24134708.0,3.17,-0.1,-0.01,1.24
2018-09-14,10.13,9.55,10.13,9.55,41441,41833437.0,5.74,-5.45,-0.55,2.22
2018-09-17,9.53,9.14,9.53,9.05,28812,27534959.0,5.03,-4.29,-0.41,1.55
2018-09-18,9.2,9.56,9.67,9.07,44582,43284205.0,6.56,4.6,0.42,2.39
2018-09-19,9.88,10.11,10.55,9.88,103000,110091765.0,7.01,5.75,0.55,5.52
2018-09-20,9.75,9.56,9.83,9.44,76940,76774508.0,3.86,-5.44,-0.55,4.13
2018-09-21,9.67,9.46,9.72,9.3,45301,44443064.0,4.39,-1.05,-0.1,2.43
2018-09-25,9.59,9.69,10.15,9.58,52484,53055749.0,6.03,2.43,0.23,2.82
2018-09-26,9.67,9.58,9.72,9.52,32782,32634677.0,2.06,-1.14,-0.11,1.76
2018-09-27,9.5,9.2,9.65,9.14,29787,28973273.0,5.32,-3.97,-0.38,1.6
2018-09-28,9.21,9.45,9.48,9.16,18593,17959306.0,3.48,2.72,0.25,1.0
2018-10-08,9.14,9.06,9.35,9.01,14736,14059494.0,3.6,-4.13,-0.39,0.79
2018-10-09,9.13,9.14,9.24,9.05,14494,13733126.0,2.1,0.88,0.08,0.78
2018-10-10,9.19,9.25,9.31,9.15,15758,15084749.0,1.75,1.2,0.11,0.85
2018-10-11,9.03,8.29,9.03,8.29,27106,24160676.0,8.0,-10.38,-0.96,1.45
2018-10-12,8.09,7.73,8.22,7.43,33405,27095558.0,9.53,-6.76,-0.56,1.79
2018-10-15,7.82,7.56,7.95,7.45,20372,16483010.0,6.47,-2.2,-0.17,1.09
2018-10-16,7.69,7.47,7.79,7.41,19627,15544007.0,5.03,-1.19,-0.09,1.05
2018-10-17,7.51,7.59,7.84,7.36,15572,12278310.0,6.43,1.61,0.12,0.84
2018-10-18,7.48,7.67,7.99,7.25,38355,30668842.0,9.75,1.05,0.08,2.06
2018-10-19,7.47,7.39,7.51,7.06,38400,29374249.0,5.87,-3.65,-0.28,2.06
2018-10-22,7.59,7.83,7.97,7.54,44706,36202905.0,5.82,5.95,0.44,2.4
2018-10-23,7.7,8.21,8.65,7.7,97954,84918997.0,12.13,4.85,0.38,5.25
2018-10-24,7.85,7.97,8.1,7.79,46995,38878216.0,3.78,-2.92,-0.24,2.52
2018-10-25,7.65,7.79,7.83,7.57,25152,20332097.0,3.26,-2.26,-0.18,1.35
2018-10-26,7.88,7.74,7.97,7.71,22317,18247743.0,3.34,-0.64,-0.05,1.2
2018-10-29,7.65,7.57,7.73,7.55,16932,13479388.0,2.33,-2.2,-0.17,0.91
2018-10-30,7.53,7.65,7.72,7.48,25490,20360998.0,3.17,1.06,0.08,1.37
2018-10-31,7.67,7.83,7.91,7.67,23924,19562294.0,3.14,2.35,0.18,1.28
2018-11-01,7.85,7.78,7.96,7.74,30522,25033051.0,2.81,-0.64,-0.05,1.64
2018-11-02,7.82,7.99,8.08,7.82,38733,32110907.0,3.34,2.7,0.21,2.08
2018-11-05,7.97,8.16,8.44,7.93,38299,32616055.0,6.38,2.13,0.17,2.05
2018-11-06,8.1,7.99,8.15,7.89,23687,19712975.0,3.19,-2.08,-0.17,1.27
2018-11-07,8.08,8.08,8.21,7.95,23444,19764192.0,3.25,1.13,0.09,1.26
2018-11-08,8.09,8.29,8.43,8.07,36453,31361097.0,4.46,2.6,0.21,1.96
2018-11-09,8.17,8.13,8.26,8.04,24141,20520044.0,2.65,-1.93,-0.16,1.29
2018-11-12,8.15,8.41,8.46,7.97,34955,30275222.0,6.03,3.44,0.28,1.87
2018-11-13,8.26,8.6,8.74,8.2,47204,41951026.0,6.42,2.26,0.19,2.53
2018-11-14,8.54,8.87,9.43,8.49,68118,63130850.0,10.93,3.14,0.27,3.65
2018-11-15,8.73,8.9,8.98,8.65,38476,35259813.0,3.72,0.34,0.03,2.06
2018-11-16,9.03,8.95,9.1,8.85,38031,35500839.0,2.81,0.56,0.05,2.04
2018-11-19,8.97,9.17,9.24,8.97,34331,32451164.0,3.02,2.46,0.22,1.84
2018-11-20,9.16,9.44,9.93,9.09,61514,60557987.0,9.16,2.94,0.27,3.3
2018-11-21,9.29,9.58,9.7,9.15,45320,44377185.0,5.83,1.48,0.14,2.43
2018-11-22,9.58,10.26,10.51,9.48,75092,77659232.0,10.75,7.1,0.68,4.03
2018-11-23,10.05,9.51,10.26,9.5,59957,61075677.0,7.41,-7.31,-0.75,3.22
2018-11-26,9.4,9.3,9.68,9.21,43507,42433673.0,4.94,-2.21,-0.21,2.33
2018-11-27,9.51,9.23,9.61,9.2,29040,28215509.0,4.41,-0.75,-0.07,1.56
2018-11-28,9.38,9.53,9.54,9.11,31474,30607114.0,4.66,3.25,0.3,1.69
2018-11-29,9.65,9.58,9.9,9.43,33476,33519868.0,4.93,0.52,0.05,1.8
2018-11-30,9.45,9.3,9.54,8.97,36696,35301488.0,5.95,-2.92,-0.28,1.97
2018-12-04,9.6,9.48,10.03,9.35,56997,56836913.0,7.31,1.94,0.18,3.06
2018-12-05,8.98,9.1,9.25,8.98,30861,29262123.0,2.85,-4.01,-0.38,1.66
2018-12-06,9.1,8.93,9.18,8.93,18377,17246890.0,2.75,-1.87,-0.17,0.99
2018-12-07,8.95,8.93,9.1,8.91,12962,12112007.0,2.13,0.0,0.0,0.7
2018-12-10,8.93,8.58,8.94,8.54,19562,17702078.0,4.48,-3.92,-0.35,1.05
2018-12-11,8.68,8.73,8.87,8.68,11014,10025257.0,2.21,1.75,0.15,0.59
2018-12-12,8.75,8.78,8.9,8.73,11710,10742009.0,1.95,0.57,0.05,0.63
2018-12-13,8.77,8.85,9.0,8.74,20879,19335363.0,2.96,0.8,0.07,1.12
2018-12-14,8.82,8.46,8.86,8.43,17602,15878941.0,4.86,-4.41,-0.39,0.94
2018-12-17,8.36,8.47,8.51,8.25,12926,11311736.0,3.07,0.12,0.01,0.69
2018-12-18,8.47,8.59,8.67,8.37,12276,10916252.0,3.54,1.42,0.12,0.66
2018-12-19,8.55,8.61,8.66,8.41,12333,10977543.0,2.91,0.23,0.02,0.66
2018-12-20,8.55,8.49,8.65,8.42,10302,9116724.0,2.67,-1.39,-0.12,0.55
2018-12-21,8.39,8.67,8.97,8.39,26945,24381516.0,6.83,2.12,0.18,1.45
2018-12-24,8.64,8.53,8.68,8.48,15695,13989680.0,2.31,-1.61,-0.14,0.84
2018-12-25,8.48,8.82,8.85,7.96,37052,32822482.0,10.43,3.4,0.29,1.99
2018-12-26,8.7,8.59,8.76,8.49,18893,16905739.0,3.06,-2.61,-0.23,1.01
2018-12-27,8.67,8.32,8.76,8.25,18047,16080109.0,5.94,-3.14,-0.27,0.97
2018-12-28,8.32,8.32,8.53,8.28,13920,12166490.0,3.0,0.0,0.0,0.75
2019-01-02,8.33,8.46,8.65,8.33,10138,8906789.0,3.85,1.68,0.14,0.54
2019-01-03,8.54,8.36,8.59,8.33,11047,9693295.0,3.07,-1.18,-0.1,0.59
2019-01-04,8.24,8.46,8.48,8.16,13623,11908188.0,3.83,1.2,0.1,0.73
2019-01-07,8.54,8.55,8.64,8.46,20381,18116373.0,2.13,1.06,0.09,1.09
2019-01-08,8.6,8.71,8.8,8.55,18937,17135561.0,2.92,1.87,0.16,1.02
2019-01-09,8.75,8.72,8.79,8.63,18209,16479630.0,1.84,0.11,0.01,0.98
2019-01-10,8.72,8.56,8.72,8.54,12174,10907780.0,2.06,-1.83,-0.16,0.65
2019-01-11,8.51,8.63,8.65,8.41,8882,7926646.0,2.8,0.82,0.07,0.48
2019-01-14,8.63,8.5,8.63,8.44,14298,12659107.0,2.2,-1.51,-0.13,0.77
2019-01-15,8.44,8.51,8.55,8.44,9940,8792168.0,1.29,0.12,0.01,0.53
2019-01-16,8.6,8.63,8.77,8.56,13572,12200353.0,2.47,1.41,0.12,0.84
2019-01-17,8.57,8.36,8.62,8.32,11860,10427756.0,3.48,-3.13,-0.27,0.73
2019-01-18,8.37,8.26,8.43,8.16,11943,10307069.0,3.23,-1.2,-0.1,0.74
2019-01-21,8.26,8.45,8.59,8.21,12669,11084068.0,4.6,2.3,0.19,0.78
2019-01-22,8.47,8.5,8.61,8.43,15471,13731617.0,2.13,0.59,0.05,0.95
2019-01-23,8.36,8.5,8.6,8.31,10248,9087828.0,3.41,0.0,0.0,0.63
2019-01-24,8.48,8.47,8.63,8.46,9517,8458994.0,2.0,-0.35,-0.03,0.59
2019-01-25,8.46,8.47,8.65,8.45,10397,9239820.0,2.36,0.0,0.0,0.64
2019-01-28,8.45,8.64,8.72,8.4,25785,23114369.0,3.78,2.01,0.17,1.59
2019-01-29,8.55,8.25,8.58,7.79,16533,14333076.0,9.14,-4.51,-0.39,1.02
2019-01-30,8.18,8.38,8.4,7.99,13505,11563324.0,4.97,1.58,0.13,0.83
2019-01-31,8.15,8.17,8.35,8.03,21792,18547964.0,3.82,-2.51,-0.21,1.34
2019-02-01,8.17,8.33,8.34,8.12,14592,12555703.0,2.69,1.96,0.16,0.9
2019-02-11,8.43,8.43,8.46,8.25,17051,14869569.0,2.52,1.2,0.1,1.05
2019-02-12,8.39,8.55,8.55,8.35,15606,13750246.0,2.37,1.42,0.12,0.96
2019-02-13,8.63,8.6,8.67,8.48,21162,18877124.0,2.22,0.58,0.05,1.31
2019-02-14,8.57,8.62,8.73,8.57,15505,13917601.0,1.86,0.23,0.02,0.96
2019-02-15,8.56,8.6,8.72,8.51,13527,12138864.0,2.44,-0.23,-0.02,0.83
2019-02-18,8.85,8.8,8.93,8.64,26784,24432374.0,3.37,2.33,0.2,1.65
2019-02-19,8.77,8.79,8.85,8.7,23394,21351028.0,1.7,-0.11,-0.01,1.44
2019-02-20,8.82,9.08,9.1,8.78,33848,31440014.0,3.64,3.3,0.29,2.09
2019-02-21,9.04,8.93,9.11,8.9,30606,28608600.0,2.31,-1.65,-0.15,1.89
2019-02-22,9.04,9.08,9.14,8.92,22002,20653707.0,2.46,1.68,0.15,1.36
2019-02-25,9.15,9.42,9.5,9.13,50794,48951907.0,4.07,3.74,0.34,3.13
2019-02-26,9.45,9.21,9.45,9.13,63245,61043761.0,3.4,-2.23,-0.21,3.9
2019-02-27,9.27,9.24,9.44,9.18,35141,33996075.0,2.82,0.33,0.03,2.17
2019-02-28,9.26,9.31,9.44,9.22,21981,21267698.0,2.38,0.76,0.07,1.36
2019-03-01,9.34,9.35,9.43,9.18,16823,16264461.0,2.69,0.43,0.04,1.04
2019-03-04,9.38,9.41,9.51,9.34,38455,37591500.0,1.82,0.64,0.06,2.37
2019-03-05,9.36,9.48,9.5,9.29,39992,38956381.0,2.23,0.74,0.07,2.47
2019-03-06,9.5,9.65,9.88,9.49,52862,52919920.0,4.11,1.79,0.17,3.26
2019-03-07,9.6,9.81,9.93,9.56,47491,47896740.0,3.83,1.66,0.16,2.93
2019-03-08,9.67,9.26,9.77,9.25,42792,42476781.0,5.3,-5.61,-0.55,2.64
2019-03-11,9.27,9.53,9.55,9.21,29765,28972980.0,3.67,2.92,0.27,1.84
2019-03-12,9.59,9.75,10.15,9.55,64724,65721299.0,6.3,2.31,0.22,3.99
2019-03-13,9.72,9.72,9.96,9.62,48638,49400508.0,3.49,-0.31,-0.03,3.0
2019-03-14,9.64,9.5,9.79,9.43,35015,34805394.0,3.7,-2.26,-0.22,2.16
2019-03-15,9.51,9.82,9.9,9.51,35701,36137416.0,4.11,3.37,0.32,2.2
2019-03-18,9.96,10.3,10.44,9.82,60516,63573099.0,6.31,4.89,0.48,3.73
2019-03-19,10.38,10.35,10.63,10.17,52612,56316798.0,4.47,0.49,0.05,3.24
2019-03-20,10.35,10.72,10.91,10.27,51306,56129782.0,6.18,3.57,0.37,3.16
2019-03-21,10.66,10.74,10.83,10.45,41023,45124390.0,3.54,0.19,0.02,2.53
2019-03-22,10.73,10.94,11.0,10.52,47922,53501867.0,4.47,1.86,0.2,2.96
2019-03-25,11.34,11.6,12.05,11.14,72582,87002233.0,8.32,6.03,0.66,4.48
2019-03-26,11.83,11.73,11.83,11.45,49200,58767543.0,3.28,1.12,0.13,3.03
2019-03-27,11.72,11.89,11.99,11.36,56140,67647420.0,5.37,1.36,0.16,3.46
2019-03-28,11.72,12.63,13.0,11.67,77296,98857114.0,11.19,6.22,0.74,4.77
2019-03-29,12.49,12.47,13.01,12.2,60661,78175181.0,6.41,-1.27,-0.16,3.74
2019-04-01,12.55,12.55,12.8,12.27,68673,88412885.0,4.25,0.64,0.08,4.24
2019-04-02,12.65,12.6,12.83,12.38,59437,76392898.0,3.59,0.4,0.05,3.67
2019-04-03,12.6,12.65,12.76,12.37,36959,47677277.0,3.1,0.4,0.05,2.28
2019-04-04,12.7,12.6,12.72,12.55,29738,38569151.0,1.34,-0.4,-0.05,1.83
2019-04-08,12.53,13.41,13.6,12.51,63734,86009031.0,8.65,6.43,0.81,3.93
2019-04-09,13.34,12.87,13.87,12.76,47379,64020959.0,8.28,-4.03,-0.54,2.92
2019-04-10,13.1,12.92,13.15,12.65,33456,44137423.0,3.89,0.39,0.05,2.06
2019-04-11,12.85,12.56,13.1,12.45,30133,39178360.0,5.03,-2.79,-0.36,1.86
2019-04-12,12.65,12.75,13.03,12.53,29942,39168010.0,3.98,1.51,0.19,1.85
2019-04-15,12.85,12.75,12.92,12.46,24699,32237808.0,3.61,0.0,0.0,1.52
2019-04-16,12.65,12.49,12.65,12.0,33612,42313765.0,5.1,-2.04,-0.26,2.07
2019-04-17,12.49,12.55,12.83,12.36,32638,42360083.0,3.76,0.48,0.06,2.01
2019-04-18,12.6,12.38,12.6,12.31,15885,20306752.0,2.31,-1.35,-0.17,0.98
2019-04-19,12.52,12.34,12.52,12.15,24430,30875749.0,2.99,-0.32,-0.04,1.51
2019-04-22,12.24,12.33,12.49,12.24,18773,23828783.0,2.03,-0.08,-0.01,1.16
2019-04-23,12.3,11.99,12.32,11.83,22143,27348936.0,3.97,-2.76,-0.34,1.37
2019-04-24,11.83,12.35,12.57,11.83,27492,34667558.0,6.17,3.0,0.36,1.7
2019-04-25,12.28,12.25,12.52,12.0,23038,29214585.0,4.21,-0.81,-0.1,1.42
2019-04-26,12.57,11.78,12.65,11.37,38055,46250983.0,10.45,-3.84,-0.47,2.35
2019-04-29,11.65,11.09,11.74,10.85,23132,26555704.0,7.56,-5.86,-0.69,1.43
2019-04-30,11.07,11.13,11.34,10.86,13493,15434453.0,4.33,0.36,0.04,0.83
2019-05-06,10.67,10.53,10.93,10.1,27599,30200623.0,7.46,-5.39,-0.6,1.7
2019-05-07,10.64,10.74,10.83,10.41,13683,15041719.0,3.99,1.99,0.21,0.84
2019-05-08,10.86,10.87,11.23,10.55,19695,22321984.0,6.33,1.21,0.13,1.21
2019-05-09,10.75,10.62,11.0,10.53,14511,16082604.0,4.32,-2.3,-0.25,0.89
2019-05-10,10.75,10.85,10.93,10.46,14161,15780036.0,4.43,2.17,0.23,0.87
2019-05-13,10.84,10.8,10.99,10.65,12569,14019370.0,3.13,-0.46,-0.05,0.78
2019-05-14,10.75,10.71,10.77,10.57,9155,10110163.0,1.85,-0.83,-0.09,0.56
2019-05-15,10.82,10.87,10.89,10.66,8435,9397577.0,2.15,1.49,0.16,0.52
2019-05-16,10.9,10.93,10.94,10.78,9515,10668995.0,1.47,0.55,0.06,0.59
2019-05-17,10.94,10.44,11.02,10.23,18026,19735640.0,7.23,-4.48,-0.49,1.11
2019-05-20,10.43,10.63,10.8,9.9,21036,22357809.0,8.62,1.82,0.19,1.3
2019-05-21,10.74,10.72,10.89,10.46,15130,16624961.0,4.05,0.85,0.09,0.93
2019-05-22,10.72,10.64,10.84,10.46,10261,11222077.0,3.54,-0.75,-0.08,0.63
2019-05-23,10.51,10.42,10.65,10.3,10750,11587408.0,3.29,-2.07,-0.22,0.66
2019-05-24,10.45,10.55,10.64,10.04,19514,20794927.0,5.76,1.25,0.13,1.2
2019-05-27,10.55,10.46,10.55,10.18,13589,14583967.0,3.51,-0.85,-0.09,0.84
2019-05-28,10.45,10.5,10.62,10.36,12874,13978575.0,2.49,0.38,0.04,0.79
2019-05-29,10.43,10.45,10.55,10.36,8267,8913236.0,1.81,-0.48,-0.05,0.51
2019-05-30,10.33,10.47,10.53,10.22,7514,8055953.0,2.97,0.19,0.02,0.46
2019-05-31,10.42,10.33,10.42,10.15,15506,16479053.0,2.58,-1.34,-0.14,0.96
2019-06-03,10.3,10.04,10.3,10.03,6791,7108931.0,2.61,-2.81,-0.29,0.42
2019-06-04,10.05,9.77,10.07,9.71,9402,9594214.0,3.59,-2.69,-0.27,0.58
2019-06-05,9.96,9.66,9.96,9.64,8580,8679092.0,3.28,-1.13,-0.11,0.53
2019-06-06,9.65,9.5,9.74,9.32,12232,11997926.0,4.35,-1.66,-0.16,0.75
2019-06-10,9.38,9.51,9.65,9.38,4963,4914338.0,2.84,0.11,0.01,0.31
2019-06-11,9.62,9.96,10.0,9.51,14163,14451413.0,5.15,4.73,0.45,0.87
2019-06-12,10.32,10.06,10.53,9.96,31585,33595776.0,5.72,1.0,0.1,1.95
2019-06-13,10.04,9.79,10.04,9.69,18757,19013316.0,3.48,-2.68,-0.27,1.16
2019-06-14,10.05,9.56,10.05,9.53,12179,12226754.0,5.31,-2.35,-0.23,0.75
2019-06-17,9.67,9.46,9.69,9.41,8085,7981223.0,2.93,-1.05,-0.1,0.5
2019-06-18,9.46,9.44,9.55,9.32,7757,7582360.0,2.43,-0.21,-0.02,0.48
2019-06-19,9.61,9.53,9.64,9.5,14073,13947310.0,1.48,0.95,0.09,0.87
2019-06-20,9.55,9.87,9.91,9.49,22231,22394028.0,4.41,3.57,0.34,1.37
2019-06-21,9.83,10.02,10.1,9.83,21532,22231273.0,2.74,1.52,0.15,1.33
2019-06-24,10.07,10.22,10.3,9.99,17773,18566003.0,3.09,2.0,0.2,1.1
2019-06-25,10.22,10.13,10.34,10.01,14970,15692683.0,3.23,-0.88,-0.09,0.92
2019-06-26,10.08,10.02,10.19,9.99,8262,8644071.0,1.97,-1.09,-0.11,0.51
2019-06-27,10.03,10.24,10.3,10.03,16557,17524361.0,2.69,2.2,0.22,1.02
2019-06-28,10.25,10.26,10.31,10.07,11928,12567037.0,2.34,0.2,0.02,0.74
2019-07-01,10.35,10.49,10.63,10.34,23591,25468426.0,2.83,2.24,0.23,1.27
2019-07-02,10.47,10.64,10.78,10.36,21901,23987860.0,4.0,1.43,0.15,1.17
2019-07-03,10.86,10.32,10.86,10.13,25302,27143695.0,6.86,-3.01,-0.32,1.36
2019-07-04,10.35,10.86,10.89,10.12,40612,44116943.0,7.46,5.23,0.54,2.18
2019-07-05,10.8,11.4,11.65,10.72,52741,61310102.0,8.56,4.97,0.54,2.83
2019-07-08,11.27,11.02,11.33,10.77,29332,33388697.0,4.91,-3.33,-0.38,1.57
2019-07-09,10.99,11.04,11.21,10.77,18484,20917218.0,3.99,0.18,0.02,0.99
2019-07-10,10.92,10.73,11.0,10.55,29823,33140956.0,4.08,-2.81,-0.31,1.6
2019-07-11,10.75,10.75,10.99,10.58,16247,18033365.0,3.82,0.19,0.02,0.87
2019-07-12,10.8,11.23,11.3,10.69,32199,36513468.0,5.67,4.47,0.48,1.73
2019-07-15,11.25,11.25,11.43,11.06,21444,24855250.0,3.29,0.18,0.02,1.15
2019-07-16,11.53,11.43,11.64,11.35,32422,38292266.0,2.58,1.6,0.18,1.74
2019-07-17,11.34,11.25,11.48,11.17,20725,24200223.0,2.71,-1.57,-0.18,1.11
2019-07-18,11.35,11.0,11.35,11.0,13800,15746939.0,3.11,-2.22,-0.25,0.74
2019-07-19,11.1,11.04,11.21,10.99,11488,13144265.0,2.0,0.36,0.04,0.62
2019-07-22,11.1,10.74,11.1,10.71,13964,15586656.0,3.53,-2.72,-0.3,0.75
2019-07-23,10.69,10.7,10.86,10.6,12920,14270921.0,2.42,-0.37,-0.04,0.69
2019-07-24,10.71,11.37,11.47,10.71,33876,39004086.0,7.1,6.26,0.67,1.82
2019-07-25,11.33,11.42,11.42,11.16,16028,18703983.0,2.29,0.44,0.05,0.86
2019-07-26,11.4,11.28,11.43,11.22,11804,13763668.0,1.84,-1.23,-0.14,0.63
2019-07-29,11.18,11.3,11.37,11.18,9625,11206824.0,1.68,0.18,0.02,0.52
2019-07-30,11.34,11.3,11.47,11.25,11790,13809702.0,1.95,0.0,0.0,0.63
2019-07-31,11.32,11.39,11.43,11.22,8715,10186473.0,1.86,0.8,0.09,0.47
2019-08-01,11.37,11.34,11.4,11.16,10348,12051965.0,2.11,-0.44,-0.05,0.56
2019-08-02,11.17,11.15,11.23,11.07,11095,12757330.0,1.41,-1.68,-0.19,0.6
2019-08-05,11.16,11.16,11.33,11.13,11456,13229483.0,1.79,0.09,0.01,0.61
2019-08-06,10.85,10.77,11.03,10.62,17031,18979357.0,3.67,-3.49,-0.39,0.91
2019-08-07,10.9,11.04,11.11,10.8,14193,16101708.0,2.88,2.51,0.27,0.76
2019-08-08,10.97,11.16,11.39,10.97,15264,17690023.0,3.8,1.09,0.12,0.82
2019-08-09,11.16,10.74,11.29,10.74,18556,21138971.0,4.93,-3.76,-0.42,1.0
2019-08-12,10.98,11.38,11.45,10.9,34021,39434813.0,5.12,5.96,0.64,1.82
2019-08-13,11.28,11.52,11.55,11.26,22745,26799848.0,2.55,1.23,0.14,1.22
2019-08-14,11.54,12.03,12.08,11.54,33960,41476653.0,4.69,4.43,0.51,1.82
2019-08-15,11.76,12.03,12.13,11.67,30432,37423348.0,3.82,0.0,0.0,1.63
2019-08-16,11.87,12.4,12.52,11.86,33399,42388821.0,5.49,3.08,0.37,1.79
2019-08-19,12.43,12.38,12.75,12.15,64551,83299491.0,4.84,-0.16,-0.02,3.46
2019-08-20,12.45,12.29,12.45,12.21,30462,38619420.0,1.94,-0.73,-0.09,1.63
2019-08-21,12.25,12.32,12.49,12.22,26213,33373452.0,2.2,0.24,0.03,1.41
2019-08-22,12.44,12.33,12.5,12.21,20820,26375270.0,2.35,0.08,0.01,1.12
2019-08-23,12.25,12.01,12.28,11.98,28529,35564396.0,2.43,-2.6,-0.32,1.53
2019-08-26,11.88,11.77,12.1,11.73,21173,25848012.0,3.08,-2.0,-0.24,1.14
2019-08-27,11.77,11.9,12.12,11.76,20100,24774401.0,3.06,1.1,0.13,1.08
2019-08-28,11.99,11.85,11.99,11.77,16642,20368397.0,1.85,-0.42,-0.05,0.89
2019-08-29,11.79,11.87,11.94,11.77,20809,25360541.0,1.43,0.17,0.02,1.12
2019-08-30,11.93,11.6,11.93,11.56,25336,30594994.0,3.12,-2.27,-0.27,1.36
2019-09-02,11.35,11.84,11.88,11.35,14963,18078101.0,4.57,2.07,0.24,0.8
2019-09-03,11.85,12.01,12.1,11.66,16855,20561559.0,3.72,1.44,0.17,0.9
2019-09-04,12.08,11.98,12.17,11.73,24037,29389386.0,3.66,-0.25,-0.03,1.29
2019-09-05,11.98,11.83,12.02,11.83,19042,23372024.0,1.59,-1.25,-0.15,1.02
2019-09-06,11.89,11.69,11.89,11.66,21391,25901630.0,1.94,-1.18,-0.14,1.15
2019-09-09,11.8,12.08,12.11,11.75,34742,42871450.0,3.08,3.34,0.39,1.86
2019-09-10,12.15,11.83,12.15,11.8,25278,30939899.0,2.9,-2.07,-0.25,1.36
2019-09-11,11.89,11.85,11.9,11.77,22368,27207418.0,1.1,0.17,0.02,1.2
2019-09-12,11.9,11.81,11.9,11.73,15083,18288626.0,1.43,-0.34,-0.04,0.81
2019-09-16,11.85,11.96,12.1,11.75,20449,25154890.0,2.96,1.27,0.15,1.1
2019-09-17,11.96,11.78,12.0,11.78,16762,20429965.0,1.84,-1.51,-0.18,0.9
2019-09-18,11.77,11.76,11.89,11.76,11360,13785185.0,1.1,-0.17,-0.02,0.61
2019-09-19,11.71,11.78,11.82,11.69,8998,10877249.0,1.11,0.17,0.02,0.48
2019-09-20,11.83,11.72,11.83,11.68,7649,9250152.0,1.27,-0.51,-0.06,0.41
2019-09-23,11.71,11.53,11.71,11.26,13232,15728982.0,3.84,-1.62,-0.19,0.71
2019-09-24,11.57,11.62,11.7,11.47,11163,13370417.0,1.99,0.78,0.09,0.6
2019-09-25,11.67,11.6,11.75,11.5,12182,14611088.0,2.15,-0.17,-0.02,0.65
2019-09-26,11.64,11.18,11.71,11.16,12194,14251163.0,4.74,-3.62,-0.42,0.65
2019-09-27,11.2,11.31,11.37,11.04,9890,11470603.0,2.95,1.16,0.13,0.53
2019-09-30,11.13,11.22,11.43,11.13,7944,9276596.0,2.65,-0.8,-0.09,0.43
2019-10-08,11.13,11.13,11.5,11.03,8992,10422742.0,4.19,-0.8,-0.09,0.48
2019-10-09,11.11,11.32,11.35,11.08,8386,9722715.0,2.43,1.71,0.19,0.45
2019-10-10,11.34,11.51,11.55,11.29,14889,17500909.0,2.3,1.68,0.19,0.8
2019-10-11,11.4,11.4,11.48,11.27,13704,16035020.0,1.82,-0.96,-0.11,0.74
2019-10-14,11.17,11.32,11.4,11.17,17496,20370393.0,2.02,-0.7,-0.08,0.94
2019-10-15,11.29,10.98,11.33,10.98,11236,12880278.0,3.09,-3.0,-0.34,0.6
2019-10-16,11.04,10.97,11.19,10.92,12236,13957782.0,2.46,-0.09,-0.01,0.66
2019-10-17,11.15,10.75,11.15,10.75,13225,14821878.0,3.65,-2.01,-0.22,0.71
2019-10-18,10.74,10.69,10.91,10.66,11126,12392956.0,2.33,-0.56,-0.06,0.6
2019-10-21,10.63,10.41,10.66,10.31,13603,14683625.0,3.27,-2.62,-0.28,0.73
2019-10-22,10.39,10.72,10.74,10.3,10047,10986541.0,4.23,2.98,0.31,0.54
2019-10-23,10.86,10.51,10.86,10.5,7955,8699508.0,3.36,-1.96,-0.21,0.43
2019-10-24,10.56,10.45,10.56,10.38,4765,5156715.0,1.71,-0.57,-0.06,0.26
2019-10-25,10.39,10.62,10.67,10.32,9617,10444534.0,3.35,1.63,0.17,0.52
2019-10-28,10.57,10.68,10.8,10.57,8038,8896520.0,2.17,0.56,0.06,0.43
2019-10-29,10.64,10.55,10.68,10.55,5729,6275528.0,1.22,-1.22,-0.13,0.31
2019-10-30,10.44,10.45,10.73,10.37,6246,6768018.0,3.41,-0.95,-0.1,0.34
2019-10-31,10.44,10.37,10.56,10.35,7152,7688495.0,2.01,-0.77,-0.08,0.38
2019-11-01,10.33,10.47,10.56,10.33,6574,7090743.0,2.22,0.96,0.1,0.35
2019-11-04,10.52,10.35,10.52,10.34,8256,8910419.0,1.72,-1.15,-0.12,0.44
2019-11-05,10.39,10.36,10.43,10.05,8538,9073620.0,3.67,0.1,0.01,0.46
2019-11-06,10.35,10.09,10.37,10.0,7650,8041443.0,3.57,-2.61,-0.27,0.41
2019-11-07,10.19,10.06,10.19,9.96,7379,7701749.0,2.28,-0.3,-0.03,0.4
2019-11-08,10.06,10.06,10.17,9.99,7221,7514872.0,1.79,0.0,0.0,0.39
2019-11-11,10.08,9.65,10.08,9.64,8751,8849644.0,4.37,-4.08,-0.41,0.47
2019-11-12,9.66,9.86,9.92,9.55,10163,10238307.0,3.83,2.18,0.21,0.55
2019-11-13,9.85,9.66,9.96,9.59,4614,4652418.0,3.75,-2.03,-0.2,0.25
2019-11-14,9.64,9.78,9.85,9.64,5903,5971579.0,2.17,1.24,0.12,0.32
2019-11-15,9.7,9.53,9.76,9.45,7819,7771055.0,3.17,-2.56,-0.25,0.42
2019-11-18,9.52,9.74,9.74,9.45,6357,6340052.0,3.04,2.2,0.21,0.34
2019-11-19,9.69,9.8,9.82,9.56,7430,7510348.0,2.67,0.62,0.06,0.4
2019-11-20,9.87,9.64,9.87,9.61,4858,4884398.0,2.65,-1.63,-0.16,0.26
2019-11-21,9.68,9.58,9.68,9.45,4369,4346041.0,2.39,-0.62,-0.06,0.23
2019-11-22,9.59,9.58,9.74,9.5,6734,6697094.0,2.51,0.0,0.0,0.36
2019-11-25,9.58,9.64,9.71,9.49,6471,6461645.0,2.3,0.63,0.06,0.35
2019-11-26,9.72,9.5,9.72,9.47,8663,8579661.0,2.59,-1.45,-0.14,0.46
2019-11-27,9.63,9.45,9.63,9.45,5431,5342099.0,1.89,-0.53,-0.05,0.29
2019-11-28,9.47,9.61,9.65,9.45,8008,7923004.0,2.12,1.69,0.16,0.43
2019-11-29,9.56,9.5,9.56,9.44,6357,6252401.0,1.25,-1.14,-0.11,0.34
2019-12-02,9.49,9.45,9.56,9.45,5314,5238530.0,1.16,-0.53,-0.05,0.29
2019-12-03,9.51,9.54,9.54,9.14,7095,6898882.0,4.23,0.95,0.09,0.38
2019-12-04,9.5,9.44,9.5,9.36,4930,4827445.0,1.47,-1.05,-0.1,0.26
2019-12-05,9.46,9.56,9.56,9.4,9623,9452705.0,1.69,1.27,0.12,0.52
2019-12-06,9.49,9.57,9.62,9.48,11376,11264188.0,1.46,0.1,0.01,0.61
2019-12-09,9.61,9.83,9.83,9.56,15070,15181405.0,2.82,2.72,0.26,0.86
2019-12-10,9.81,9.73,9.81,9.66,7828,7878289.0,1.53,-1.02,-0.1,0.45
2019-12-11,9.68,9.75,9.81,9.68,6276,6320218.0,1.34,0.21,0.02,0.36
2019-12-12,9.74,9.63,9.8,9.58,8397,8413059.0,2.26,-1.23,-0.12,0.48
2019-12-13,9.65,9.79,9.8,9.63,10760,10856761.0,1.77,1.66,0.16,0.61
2019-12-16,9.8,9.86,9.86,9.72,10321,10477522.0,1.43,0.72,0.07,0.59
2019-12-17,9.85,9.95,10.06,9.78,11028,11334754.0,2.84,0.91,0.09,0.63
2019-12-18,10.07,9.86,10.07,9.86,9306,9595610.0,2.11,-0.9,-0.09,0.53
2019-12-19,9.95,9.9,9.99,9.83,8303,8510080.0,1.62,0.41,0.04,0.47
2019-12-20,9.9,9.81,10.0,9.81,6528,6693828.0,1.92,-0.91,-0.09,0.37
2019-12-23,9.81,9.66,9.87,9.6,11503,11630111.0,2.75,-1.53,-0.15,0.65
2019-12-24,9.65,9.8,9.88,9.58,11920,12017259.0,3.11,1.45,0.14,0.68
2019-12-25,9.79,9.93,10.0,9.72,9977,10171200.0,2.86,1.33,0.13,0.57
2019-12-26,9.95,10.1,10.58,9.92,37315,39303142.0,6.65,1.71,0.17,2.12
2019-12-27,10.17,10.01,10.18,9.9,25670,26550767.0,2.77,-0.89,-0.09,1.46
2019-12-30,9.98,9.88,9.98,9.68,10459,10667800.0,3.0,-1.3,-0.13,0.6
2019-12-31,9.85,9.89,9.93,9.75,11656,11865877.0,1.82,0.1,0.01,0.66
